early_signal_rank,ticker,name,index,sector,early_signal_score,ema_score,ema_state,macd_score,macd_state,cat_score,prism_score,overheat_penalty,technical_coverage,source_data,signal,risk
1,SHOP,Shopify Inc. - Class A Subordinate Voting Shares,NASDAQ+NASDAQ200+NASDAQ500,,68.1,100.0,fresh_bullish_cross,49.8,bullish_below_zero_proxy,62.17,46.68,0.0,2,raw market data; independent of Prism ranking order,EMA: fresh_bullish_cross; MACD: bullish_below_zero_proxy,MACD snapshot proxy; double-cross history unavailable
2,SNDK,Sandisk,NASDAQ+NASDAQ200+NASDAQ500+SPX,Information Technology,67.28,72.0,confirmed_bullish_trend,61.8,bullish_above_signal_proxy,76.04,49.46,0.0,2,raw market data; independent of Prism ranking order,EMA: confirmed_bullish_trend; MACD: bullish_above_signal_proxy,MACD snapshot proxy; double-cross history unavailable
3,TEM,"Tempus AI, Inc. - Class A Common Stock",NASDAQ+NASDAQ200+NASDAQ500,,67.06,82.0,early_transition,61.8,bullish_above_signal_proxy,66.28,47.51,0.0,2,raw market data; independent of Prism ranking order,EMA: early_transition; MACD: bullish_above_signal_proxy,MACD snapshot proxy; double-cross history unavailable
4,GEHC,GE HealthCare,NASDAQ+NASDAQ200+NASDAQ500+SPX,Health Care,65.83,100.0,fresh_bullish_cross,49.8,bullish_below_zero_proxy,53.24,49.4,0.0,2,raw market data; independent of Prism ranking order,EMA: fresh_bullish_cross; MACD: bullish_below_zero_proxy,MACD snapshot proxy; double-cross history unavailable
5,DASH,DoorDash,NASDAQ+NASDAQ200+NASDAQ500+SPX,Consumer Discretionary,65.29,72.0,confirmed_bullish_trend,61.8,bullish_above_signal_proxy,70.0,48.25,0.0,2,raw market data; independent of Prism ranking order,EMA: confirmed_bullish_trend; MACD: bullish_above_signal_proxy,MACD snapshot proxy; double-cross history unavailable
6,MU,Micron Technology,NASDAQ+NASDAQ200+NASDAQ500+SPX,Information Technology,65.18,72.0,confirmed_bullish_trend,61.8,bullish_above_signal_proxy,66.73,54.1,0.0,2,raw market data; independent of Prism ranking order,EMA: confirmed_bullish_trend; MACD: bullish_above_signal_proxy,MACD snapshot proxy; double-cross history unavailable
7,BKNG,Booking Holdings,NASDAQ+NASDAQ200+NASDAQ500+SPX,Consumer Discretionary,65.13,82.0,early_transition,61.8,bullish_above_signal_proxy,60.43,46.34,0.0,2,raw market data; independent of Prism ranking order,EMA: early_transition; MACD: bullish_above_signal_proxy,MACD snapshot proxy; double-cross history unavailable
8,OKTA,"Okta, Inc. - Class A Common Stock",NASDAQ+NASDAQ200+NASDAQ500,,63.35,72.0,confirmed_bullish_trend,25.0,bearish_proxy,92.01,52.65,0.0,2,raw market data; independent of Prism ranking order,EMA: confirmed_bullish_trend; MACD: bearish_proxy,MACD snapshot proxy; double-cross history unavailable
9,AFRM,"Affirm Holdings, Inc. - Class A Common Stock",NASDAQ+NASDAQ200+NASDAQ500,,62.9,72.0,confirmed_bullish_trend,61.8,bullish_above_signal_proxy,62.77,46.8,0.0,2,raw market data; independent of Prism ranking order,EMA: confirmed_bullish_trend; MACD: bullish_above_signal_proxy,MACD snapshot proxy; double-cross history unavailable
10,TTWO,Take-Two Interactive,NASDAQ+NASDAQ200+NASDAQ500+SPX,Communication Services,62.9,72.0,confirmed_bullish_trend,61.8,bullish_above_signal_proxy,62.75,46.8,0.0,2,raw market data; independent of Prism ranking order,EMA: confirmed_bullish_trend; MACD: bullish_above_signal_proxy,MACD snapshot proxy; double-cross history unavailable
11,EXC,Exelon,NASDAQ+NASDAQ200+NASDAQ500+SPX,Utilities,62.8,82.0,early_transition,61.8,bullish_above_signal_proxy,52.91,45.83,0.0,2,raw market data; independent of Prism ranking order,EMA: early_transition; MACD: bullish_above_signal_proxy,MACD snapshot proxy; double-cross history unavailable
12,AMAT,Applied Materials,NASDAQ+NASDAQ200+NASDAQ500+SPX,Information Technology,62.52,72.0,confirmed_bullish_trend,59.55,bullish_above_signal_proxy,96.38,60.03,11.88,2,raw market data; independent of Prism ranking order,EMA: confirmed_bullish_trend; MACD: bullish_above_signal_proxy,EMA extension 2.5 ATR; MACD setup extended; MACD snapshot proxy; double-cross history unavailable
13,ABNB,Airbnb,NASDAQ+NASDAQ200+NASDAQ500+SPX,Consumer Discretionary,62.23,72.0,confirmed_bullish_trend,61.8,bullish_above_signal_proxy,60.73,46.4,0.0,2,raw market data; independent of Prism ranking order,EMA: confirmed_bullish_trend; MACD: bullish_above_signal_proxy,MACD snapshot proxy; double-cross history unavailable
14,PCAR,Paccar,NASDAQ+NASDAQ200+NASDAQ500+SPX,Industrials,62.18,72.0,confirmed_bullish_trend,61.8,bullish_above_signal_proxy,59.01,49.55,0.0,2,raw market data; independent of Prism ranking order,EMA: confirmed_bullish_trend; MACD: bullish_above_signal_proxy,MACD snapshot proxy; double-cross history unavailable
15,BBIO,BRIDGEBIO PHARMA INC,NASDAQ+NASDAQ200+NASDAQ500+RUSSELL2000,Health Care,61.72,82.0,early_transition,49.8,bullish_below_zero_proxy,58.72,46.99,0.0,2,raw market data; independent of Prism ranking order,EMA: early_transition; MACD: bullish_below_zero_proxy,MACD snapshot proxy; double-cross history unavailable
16,AMGN,Amgen,NASDAQ+NASDAQ200+NASDAQ500+SPX,Health Care,61.0,72.0,confirmed_bullish_trend,61.8,bullish_above_signal_proxy,56.54,46.56,0.0,2,raw market data; independent of Prism ranking order,EMA: confirmed_bullish_trend; MACD: bullish_above_signal_proxy,MACD snapshot proxy; double-cross history unavailable
17,LLYVK,"Liberty Live Holdings, Inc. - Series C Liberty Live Group Common Stock",NASDAQ+NASDAQ200,,60.9,72.0,confirmed_bullish_trend,61.8,bullish_above_signal_proxy,56.7,45.59,0.0,2,raw market data; independent of Prism ranking order,EMA: confirmed_bullish_trend; MACD: bullish_above_signal_proxy,MACD snapshot proxy; double-cross history unavailable
18,FAST,Fastenal,NASDAQ+NASDAQ200+NASDAQ500+SPX,Industrials,60.62,72.0,confirmed_bullish_trend,61.8,bullish_above_signal_proxy,55.86,45.42,0.0,2,raw market data; independent of Prism ranking order,EMA: confirmed_bullish_trend; MACD: bullish_above_signal_proxy,MACD snapshot proxy; double-cross history unavailable
19,LLYVA,"Liberty Live Holdings, Inc. - Series A Liberty Live Group Common Stock",NASDAQ+NASDAQ200,,60.26,72.0,confirmed_bullish_trend,61.8,bullish_above_signal_proxy,54.76,45.2,0.0,2,raw market data; independent of Prism ranking order,EMA: confirmed_bullish_trend; MACD: bullish_above_signal_proxy,MACD snapshot proxy; double-cross history unavailable
20,FWONA,Liberty Media Corporation - Series A Liberty Formula One Common Stock,NASDAQ+NASDAQ200,,60.21,72.0,confirmed_bullish_trend,61.8,bullish_above_signal_proxy,54.62,45.17,0.0,2,raw market data; independent of Prism ranking order,EMA: confirmed_bullish_trend; MACD: bullish_above_signal_proxy,MACD snapshot proxy; double-cross history unavailable
21,FWONK,Liberty Media Corporation - Series C Liberty Formula One Common Stock,NASDAQ+NASDAQ200+NASDAQ500,,60.07,72.0,confirmed_bullish_trend,61.8,bullish_above_signal_proxy,54.18,45.09,0.0,2,raw market data; independent of Prism ranking order,EMA: confirmed_bullish_trend; MACD: bullish_above_signal_proxy,MACD snapshot proxy; double-cross history unavailable
22,ICLR,ICON plc - Ordinary Shares,NASDAQ+NASDAQ200+NASDAQ500,,60.06,72.0,confirmed_bullish_trend,59.55,bullish_above_signal_proxy,100.0,54.25,14.57,2,raw market data; independent of Prism ranking order,EMA: confirmed_bullish_trend; MACD: bullish_above_signal_proxy,EMA extension 3.1 ATR; MACD setup extended; MACD snapshot proxy; double-cross history unavailable
23,NDSN,Nordson Corporation,NASDAQ+NASDAQ200+NASDAQ500+SPX,Industrials,59.75,72.0,confirmed_bullish_trend,61.8,bullish_above_signal_proxy,53.21,44.89,0.0,2,raw market data; independent of Prism ranking order,EMA: confirmed_bullish_trend; MACD: bullish_above_signal_proxy,MACD snapshot proxy; double-cross history unavailable
24,LIN,Linde plc,NASDAQ+NASDAQ200+NASDAQ500+SPX,Materials,59.45,72.0,confirmed_bullish_trend,61.8,bullish_above_signal_proxy,52.31,44.71,0.0,2,raw market data; independent of Prism ranking order,EMA: confirmed_bullish_trend; MACD: bullish_above_signal_proxy,MACD snapshot proxy; double-cross history unavailable
25,LECO,"Lincoln Electric Holdings, Inc. - Common Shares",NASDAQ+NASDAQ200+NASDAQ500,,59.3,72.0,confirmed_bullish_trend,61.8,bullish_above_signal_proxy,51.86,44.62,0.0,2,raw market data; independent of Prism ranking order,EMA: confirmed_bullish_trend; MACD: bullish_above_signal_proxy,MACD snapshot proxy; double-cross history unavailable
26,HON,Honeywell,NASDAQ+NASDAQ200+NASDAQ500+SPX,Industrials,58.12,72.0,confirmed_bullish_trend,61.8,bullish_above_signal_proxy,48.29,43.91,0.0,2,raw market data; independent of Prism ranking order,EMA: confirmed_bullish_trend; MACD: bullish_above_signal_proxy,MACD snapshot proxy; double-cross history unavailable
27,FTAI,FTAI Aviation Ltd. - Common Stock,NASDAQ+NASDAQ200+NASDAQ500,,58.09,72.0,confirmed_bullish_trend,61.8,bullish_above_signal_proxy,48.18,43.89,0.0,2,raw market data; independent of Prism ranking order,EMA: confirmed_bullish_trend; MACD: bullish_above_signal_proxy,MACD snapshot proxy; double-cross history unavailable
28,MDLZ,Mondelez International,NASDAQ+NASDAQ200+NASDAQ500+SPX,Consumer Staples,57.95,100.0,fresh_bullish_cross,25.0,bearish_proxy,49.74,45.2,0.0,2,raw market data; independent of Prism ranking order,EMA: fresh_bullish_cross; MACD: bearish_proxy,MACD snapshot proxy; double-cross history unavailable
29,ZBRA,Zebra Technologies,NASDAQ+NASDAQ200+NASDAQ500+SPX,Information Technology,57.92,72.0,confirmed_bullish_trend,61.8,bullish_above_signal_proxy,46.09,46.97,0.0,2,raw market data; independent of Prism ranking order,EMA: confirmed_bullish_trend; MACD: bullish_above_signal_proxy,MACD snapshot proxy; double-cross history unavailable
30,DLTR,Dollar Tree,NASDAQ+NASDAQ200+NASDAQ500+SPX,Consumer Staples,57.46,72.0,confirmed_bullish_trend,59.55,bullish_above_signal_proxy,84.99,52.25,12.36,2,raw market data; independent of Prism ranking order,EMA: confirmed_bullish_trend; MACD: bullish_above_signal_proxy,EMA extension 2.6 ATR; MACD setup extended; MACD snapshot proxy; double-cross history unavailable
31,NTRA,"Natera, Inc. - Common Stock",NASDAQ+NASDAQ200+NASDAQ500,,56.79,72.0,confirmed_bullish_trend,59.55,bullish_above_signal_proxy,91.66,52.58,15.08,2,raw market data; independent of Prism ranking order,EMA: confirmed_bullish_trend; MACD: bullish_above_signal_proxy,EMA extension 3.3 ATR; MACD setup extended; MACD snapshot proxy; double-cross history unavailable
32,AXON,Axon Enterprise,NASDAQ+NASDAQ200+NASDAQ500+SPX,Industrials,56.68,72.0,confirmed_bullish_trend,25.0,bearish_proxy,71.8,48.61,0.0,2,raw market data; independent of Prism ranking order,EMA: confirmed_bullish_trend; MACD: bearish_proxy,MACD snapshot proxy; double-cross history unavailable
33,GH,GUARDANT HEALTH INC,NASDAQ+NASDAQ200+NASDAQ500+RUSSELL2000,Health Care,56.55,72.0,confirmed_bullish_trend,86.55,fresh_above_zero_cross_proxy,70.02,49.25,15.08,2,raw market data; independent of Prism ranking order,EMA: confirmed_bullish_trend; MACD: fresh_above_zero_cross_proxy,EMA extension 3.3 ATR; MACD setup extended; MACD snapshot proxy; double-cross history unavailable
34,KLAC,KLA Corporation,NASDAQ+NASDAQ200+NASDAQ500+SPX,Information Technology,56.27,35.0,mixed_sideways,61.8,bullish_above_signal_proxy,73.36,55.42,0.0,2,raw market data; independent of Prism ranking order,EMA: mixed_sideways; MACD: bullish_above_signal_proxy,MACD snapshot proxy; double-cross history unavailable
35,SBUX,Starbucks,NASDAQ+NASDAQ200+NASDAQ500+SPX,Consumer Discretionary,56.03,72.0,confirmed_bullish_trend,49.8,bullish_below_zero_proxy,51.05,44.46,0.0,2,raw market data; independent of Prism ranking order,EMA: confirmed_bullish_trend; MACD: bullish_below_zero_proxy,MACD snapshot proxy; double-cross history unavailable
36,XEL,Xcel Energy,NASDAQ+NASDAQ200+NASDAQ500+SPX,Utilities,55.83,72.0,confirmed_bullish_trend,49.8,bullish_below_zero_proxy,49.98,45.25,0.0,2,raw market data; independent of Prism ranking order,EMA: confirmed_bullish_trend; MACD: bullish_below_zero_proxy,MACD snapshot proxy; double-cross history unavailable
37,MDGL,MADRIGAL PHARMACEUTICALS INC,NASDAQ+NASDAQ200+NASDAQ500+RUSSELL2000,Health Care,55.75,72.0,confirmed_bullish_trend,49.8,bullish_below_zero_proxy,49.75,45.2,0.0,2,raw market data; independent of Prism ranking order,EMA: confirmed_bullish_trend; MACD: bullish_below_zero_proxy,MACD snapshot proxy; double-cross history unavailable
38,KDP,Keurig Dr Pepper,NASDAQ+NASDAQ200+NASDAQ500+SPX,Consumer Staples,55.29,72.0,confirmed_bullish_trend,86.55,fresh_above_zero_cross_proxy,63.9,48.03,14.32,2,raw market data; independent of Prism ranking order,EMA: confirmed_bullish_trend; MACD: fresh_above_zero_cross_proxy,EMA extension 3.1 ATR; MACD setup extended; MACD snapshot proxy; double-cross history unavailable
39,COO,Cooper Companies (The),NASDAQ+NASDAQ200+NASDAQ500+SPX,Health Care,54.63,82.0,early_transition,59.55,bullish_above_signal_proxy,72.1,49.67,13.94,2,raw market data; independent of Prism ranking order,EMA: early_transition; MACD: bullish_above_signal_proxy,EMA extension 3.0 ATR; MACD setup extended; MACD snapshot proxy; double-cross history unavailable
40,ARGX,argenx SE - American Depositary Shares,NASDAQ+NASDAQ200+NASDAQ500,,54.42,72.0,confirmed_bullish_trend,25.0,bearish_proxy,64.95,47.24,0.0,2,raw market data; independent of Prism ranking order,EMA: confirmed_bullish_trend; MACD: bearish_proxy,MACD snapshot proxy; double-cross history unavailable
41,ILMN,"Illumina, Inc. - Common Stock",NASDAQ+NASDAQ200+NASDAQ500,,54.27,72.0,confirmed_bullish_trend,59.55,bullish_above_signal_proxy,71.87,48.62,11.07,2,raw market data; independent of Prism ranking order,EMA: confirmed_bullish_trend; MACD: bullish_above_signal_proxy,EMA extension 2.3 ATR; MACD setup extended; MACD snapshot proxy; double-cross history unavailable
42,WWD,"Woodward, Inc. - Common Stock",NASDAQ+NASDAQ200+NASDAQ500,,54.27,72.0,confirmed_bullish_trend,59.55,bullish_above_signal_proxy,74.12,49.07,11.81,2,raw market data; independent of Prism ranking order,EMA: confirmed_bullish_trend; MACD: bullish_above_signal_proxy,EMA extension 2.5 ATR; MACD setup extended; MACD snapshot proxy; double-cross history unavailable
43,CDW,CDW Corporation,NASDAQ+NASDAQ200+NASDAQ500+SPX,Information Technology,54.25,72.0,confirmed_bullish_trend,25.0,bearish_proxy,64.43,47.14,0.0,2,raw market data; independent of Prism ranking order,EMA: confirmed_bullish_trend; MACD: bearish_proxy,MACD snapshot proxy; double-cross history unavailable
44,LRCX,Lam Research,NASDAQ+NASDAQ200+NASDAQ500+SPX,Information Technology,54.22,35.0,mixed_sideways,61.8,bullish_above_signal_proxy,67.15,54.18,0.0,2,raw market data; independent of Prism ranking order,EMA: mixed_sideways; MACD: bullish_above_signal_proxy,MACD snapshot proxy; double-cross history unavailable
45,EXPE,Expedia Group,NASDAQ+NASDAQ200+NASDAQ500+SPX,Consumer Discretionary,53.8,72.0,confirmed_bullish_trend,59.55,bullish_above_signal_proxy,67.9,47.83,10.23,2,raw market data; independent of Prism ranking order,EMA: confirmed_bullish_trend; MACD: bullish_above_signal_proxy,EMA extension 2.1 ATR; MACD setup extended; MACD snapshot proxy; double-cross history unavailable
46,TER,Teradyne,NASDAQ+NASDAQ200+NASDAQ500+SPX,Information Technology,52.67,35.0,mixed_sideways,61.8,bullish_above_signal_proxy,62.45,53.24,0.0,2,raw market data; independent of Prism ranking order,EMA: mixed_sideways; MACD: bullish_above_signal_proxy,MACD snapshot proxy; double-cross history unavailable
47,MEDP,"Medpace Holdings, Inc. - Common Stock",NASDAQ+NASDAQ200+NASDAQ500,,52.49,72.0,confirmed_bullish_trend,59.55,bullish_above_signal_proxy,75.54,49.36,14.06,2,raw market data; independent of Prism ranking order,EMA: confirmed_bullish_trend; MACD: bullish_above_signal_proxy,EMA extension 3.0 ATR; MACD setup extended; MACD snapshot proxy; double-cross history unavailable
48,PAYX,Paychex,NASDAQ+NASDAQ200+NASDAQ500+SPX,Industrials,52.04,72.0,confirmed_bullish_trend,25.0,bearish_proxy,57.72,45.79,0.0,2,raw market data; independent of Prism ranking order,EMA: confirmed_bullish_trend; MACD: bearish_proxy,MACD snapshot proxy; double-cross history unavailable
49,NBIX,"Neurocrine Biosciences, Inc. - Common Stock",NASDAQ+NASDAQ200+NASDAQ500,,51.95,72.0,confirmed_bullish_trend,25.0,bearish_proxy,57.46,45.74,0.0,2,raw market data; independent of Prism ranking order,EMA: confirmed_bullish_trend; MACD: bearish_proxy,MACD snapshot proxy; double-cross history unavailable
50,INCY,Incyte,NASDAQ+NASDAQ200+NASDAQ500+SPX,Health Care,51.88,72.0,confirmed_bullish_trend,59.55,bullish_above_signal_proxy,72.37,49.72,13.78,2,raw market data; independent of Prism ranking order,EMA: confirmed_bullish_trend; MACD: bullish_above_signal_proxy,EMA extension 2.9 ATR; MACD setup extended; MACD snapshot proxy; double-cross history unavailable
51,CRWD,CrowdStrike,NASDAQ+NASDAQ200+NASDAQ500+SPX,Information Technology,51.68,72.0,confirmed_bullish_trend,25.0,bearish_proxy,56.65,45.58,0.0,2,raw market data; independent of Prism ranking order,EMA: confirmed_bullish_trend; MACD: bearish_proxy,MACD snapshot proxy; double-cross history unavailable
52,ROIV,Roivant Sciences Ltd. - Common Shares,NASDAQ+NASDAQ200+NASDAQ500,,51.4,72.0,confirmed_bullish_trend,59.55,bullish_above_signal_proxy,71.59,48.57,13.85,2,raw market data; independent of Prism ranking order,EMA: confirmed_bullish_trend; MACD: bullish_above_signal_proxy,EMA extension 3.0 ATR; MACD setup extended; MACD snapshot proxy; double-cross history unavailable
53,RVMD,"Revolution Medicines, Inc. - Common Stock",NASDAQ+NASDAQ200+NASDAQ500,,50.93,72.0,confirmed_bullish_trend,59.55,bullish_above_signal_proxy,71.4,48.53,14.25,2,raw market data; independent of Prism ranking order,EMA: confirmed_bullish_trend; MACD: bullish_above_signal_proxy,EMA extension 3.1 ATR; MACD setup extended; MACD snapshot proxy; double-cross history unavailable
54,TLN,Talen Energy Corporation - Common Stock,NASDAQ+NASDAQ200+NASDAQ500,,50.76,35.0,mixed_sideways,61.8,bullish_above_signal_proxy,59.61,46.17,0.0,2,raw market data; independent of Prism ranking order,EMA: mixed_sideways; MACD: bullish_above_signal_proxy,MACD snapshot proxy; double-cross history unavailable
55,ASND,Ascendis Pharma A/S - Ordinary Share,NASDAQ+NASDAQ200+NASDAQ500,,50.36,72.0,confirmed_bullish_trend,59.55,bullish_above_signal_proxy,67.51,47.75,13.55,2,raw market data; independent of Prism ranking order,EMA: confirmed_bullish_trend; MACD: bullish_above_signal_proxy,EMA extension 2.9 ATR; MACD setup extended; MACD snapshot proxy; double-cross history unavailable
56,RPRX,Royalty Pharma plc - Class A Ordinary Shares,NASDAQ+NASDAQ200+NASDAQ500,,50.22,72.0,confirmed_bullish_trend,25.0,bearish_proxy,52.23,44.7,0.0,2,raw market data; independent of Prism ranking order,EMA: confirmed_bullish_trend; MACD: bearish_proxy,MACD snapshot proxy; double-cross history unavailable
57,DDOG,Datadog,NASDAQ+NASDAQ200+NASDAQ500+SPX,Information Technology,50.06,72.0,confirmed_bullish_trend,25.0,bearish_proxy,51.73,44.6,0.0,2,raw market data; independent of Prism ranking order,EMA: confirmed_bullish_trend; MACD: bearish_proxy,MACD snapshot proxy; double-cross history unavailable
58,FLEX,Flex Ltd.,NASDAQ+NASDAQ200+NASDAQ500+SPX,Information Technology,49.84,72.0,confirmed_bullish_trend,25.0,bearish_proxy,51.06,44.46,0.0,2,raw market data; independent of Prism ranking order,EMA: confirmed_bullish_trend; MACD: bearish_proxy,MACD snapshot proxy; double-cross history unavailable
59,JBHT,J.B. Hunt,NASDAQ+NASDAQ200+NASDAQ500+SPX,Industrials,49.71,72.0,confirmed_bullish_trend,25.0,bearish_proxy,50.66,44.38,0.0,2,raw market data; independent of Prism ranking order,EMA: confirmed_bullish_trend; MACD: bearish_proxy,MACD snapshot proxy; double-cross history unavailable
60,CCEP,Coca-Cola Europacific Partners plc - Ordinary Shares,NASDAQ+NASDAQ200+NASDAQ500,,49.63,72.0,confirmed_bullish_trend,59.55,bullish_above_signal_proxy,56.76,45.6,10.72,2,raw market data; independent of Prism ranking order,EMA: confirmed_bullish_trend; MACD: bullish_above_signal_proxy,EMA extension 2.2 ATR; MACD setup extended; MACD snapshot proxy; double-cross history unavailable
61,BIIB,Biogen,NASDAQ+NASDAQ200+NASDAQ500+SPX,Health Care,49.49,72.0,confirmed_bullish_trend,59.55,bullish_above_signal_proxy,60.32,47.31,12.19,2,raw market data; independent of Prism ranking order,EMA: confirmed_bullish_trend; MACD: bullish_above_signal_proxy,EMA extension 2.5 ATR; MACD setup extended; MACD snapshot proxy; double-cross history unavailable
62,CSX,CSX Corporation,NASDAQ+NASDAQ200+NASDAQ500+SPX,Industrials,49.22,72.0,confirmed_bullish_trend,25.0,bearish_proxy,49.18,44.09,0.0,2,raw market data; independent of Prism ranking order,EMA: confirmed_bullish_trend; MACD: bearish_proxy,MACD snapshot proxy; double-cross history unavailable
63,AEP,American Electric Power,NASDAQ+NASDAQ200+NASDAQ500+SPX,Utilities,48.67,72.0,confirmed_bullish_trend,59.55,bullish_above_signal_proxy,60.87,47.42,13.19,2,raw market data; independent of Prism ranking order,EMA: confirmed_bullish_trend; MACD: bullish_above_signal_proxy,EMA extension 2.8 ATR; MACD setup extended; MACD snapshot proxy; double-cross history unavailable
64,UAL,United Airlines Holdings,NASDAQ200+SPX,Industrials,48.6,72.0,confirmed_bullish_trend,59.55,bullish_above_signal_proxy,75.72,49.39,18.01,2,raw market data; independent of Prism ranking order,EMA: confirmed_bullish_trend; MACD: bullish_above_signal_proxy,EMA extension 4.0 ATR; MACD setup extended; MACD snapshot proxy; double-cross history unavailable
65,IONS,"Ionis Pharmaceuticals, Inc. - Common Stock",NASDAQ+NASDAQ200+NASDAQ500,,48.57,72.0,confirmed_bullish_trend,59.55,bullish_above_signal_proxy,58.59,45.97,12.39,2,raw market data; independent of Prism ranking order,EMA: confirmed_bullish_trend; MACD: bullish_above_signal_proxy,EMA extension 2.6 ATR; MACD setup extended; MACD snapshot proxy; double-cross history unavailable
66,VRTX,Vertex Pharmaceuticals,NASDAQ+NASDAQ200+NASDAQ500+SPX,Health Care,48.25,72.0,confirmed_bullish_trend,59.55,bullish_above_signal_proxy,68.84,49.02,16.25,2,raw market data; independent of Prism ranking order,EMA: confirmed_bullish_trend; MACD: bullish_above_signal_proxy,EMA extension 3.6 ATR; MACD setup extended; MACD snapshot proxy; double-cross history unavailable
67,ROP,Roper Technologies,NASDAQ+NASDAQ200+NASDAQ500+SPX,Information Technology,47.97,35.0,mixed_sideways,49.8,bullish_below_zero_proxy,58.65,49.48,0.0,2,raw market data; independent of Prism ranking order,EMA: mixed_sideways; MACD: bullish_below_zero_proxy,MACD snapshot proxy; double-cross history unavailable
68,KMB,Kimberly-Clark,NASDAQ+NASDAQ200+NASDAQ500+SPX,Consumer Staples,47.91,72.0,confirmed_bullish_trend,59.55,bullish_above_signal_proxy,60.58,47.37,13.85,2,raw market data; independent of Prism ranking order,EMA: confirmed_bullish_trend; MACD: bullish_above_signal_proxy,EMA extension 3.0 ATR; MACD setup extended; MACD snapshot proxy; double-cross history unavailable
69,LNT,Alliant Energy,NASDAQ+NASDAQ200+NASDAQ500+SPX,Utilities,47.82,72.0,confirmed_bullish_trend,59.55,bullish_above_signal_proxy,54.57,46.16,11.96,2,raw market data; independent of Prism ranking order,EMA: confirmed_bullish_trend; MACD: bullish_above_signal_proxy,EMA extension 2.5 ATR; MACD setup extended; MACD snapshot proxy; double-cross history unavailable
70,INTC,Intel,NASDAQ+NASDAQ200+NASDAQ500+SPX,Information Technology,47.78,35.0,mixed_sideways,61.8,bullish_above_signal_proxy,47.62,50.27,0.0,2,raw market data; independent of Prism ranking order,EMA: mixed_sideways; MACD: bullish_above_signal_proxy,MACD snapshot proxy; double-cross history unavailable
71,EVRG,Evergy,NASDAQ+NASDAQ200+NASDAQ500+SPX,Utilities,47.66,72.0,confirmed_bullish_trend,59.55,bullish_above_signal_proxy,54.3,46.11,12.04,2,raw market data; independent of Prism ranking order,EMA: confirmed_bullish_trend; MACD: bullish_above_signal_proxy,EMA extension 2.5 ATR; MACD setup extended; MACD snapshot proxy; double-cross history unavailable
72,RYAAY,"Ryanair Holdings plc - American Depositary Shares, each representing five Ordinary Shares",NASDAQ+NASDAQ200,,47.4,72.0,confirmed_bullish_trend,59.55,bullish_above_signal_proxy,54.57,45.16,12.23,2,raw market data; independent of Prism ranking order,EMA: confirmed_bullish_trend; MACD: bullish_above_signal_proxy,EMA extension 2.6 ATR; MACD setup extended; MACD snapshot proxy; double-cross history unavailable
73,FER,Ferrovial N.V. - Ordinary Shares,NASDAQ+NASDAQ200+NASDAQ500,,47.36,35.0,mixed_sideways,61.8,bullish_above_signal_proxy,49.32,44.11,0.0,2,raw market data; independent of Prism ranking order,EMA: mixed_sideways; MACD: bullish_above_signal_proxy,MACD snapshot proxy; double-cross history unavailable
74,MRVL,Marvell Technology,NASDAQ+NASDAQ200+NASDAQ500+SPX,Information Technology,47.28,35.0,mixed_sideways,25.0,bearish_proxy,73.99,55.55,0.0,2,raw market data; independent of Prism ranking order,EMA: mixed_sideways; MACD: bearish_proxy,MACD snapshot proxy; double-cross history unavailable
75,EA,Electronic Arts,NASDAQ+NASDAQ200+NASDAQ500+SPX,Communication Services,47.1,72.0,confirmed_bullish_trend,59.55,bullish_above_signal_proxy,53.08,44.87,12.04,2,raw market data; independent of Prism ranking order,EMA: confirmed_bullish_trend; MACD: bullish_above_signal_proxy,EMA extension 2.5 ATR; MACD setup extended; MACD snapshot proxy; double-cross history unavailable
76,MDLN,Medline Inc. - Class A common stock,NASDAQ+NASDAQ200+NASDAQ500,,46.79,35.0,mixed_sideways,49.8,bullish_below_zero_proxy,56.69,45.59,0.0,2,raw market data; independent of Prism ranking order,EMA: mixed_sideways; MACD: bullish_below_zero_proxy,MACD snapshot proxy; double-cross history unavailable
77,FTNT,Fortinet,NASDAQ+NASDAQ200+NASDAQ500+SPX,Information Technology,45.26,72.0,confirmed_bullish_trend,22.75,bearish_proxy,69.59,48.17,10.13,2,raw market data; independent of Prism ranking order,EMA: confirmed_bullish_trend; MACD: bearish_proxy,EMA extension 2.0 ATR; MACD setup extended; MACD snapshot proxy; double-cross history unavailable
78,PANW,Palo Alto Networks,NASDAQ+NASDAQ200+NASDAQ500+SPX,Information Technology,44.86,72.0,confirmed_bullish_trend,22.75,bearish_proxy,71.65,48.58,11.21,2,raw market data; independent of Prism ranking order,EMA: confirmed_bullish_trend; MACD: bearish_proxy,EMA extension 2.3 ATR; MACD setup extended; MACD snapshot proxy; double-cross history unavailable
79,ORLY,O’Reilly Automotive,NASDAQ+NASDAQ200+NASDAQ500+SPX,Consumer Discretionary,44.72,15.0,bearish_transition,71.8,fresh_below_zero_cross_proxy,51.91,44.63,0.0,2,raw market data; independent of Prism ranking order,EMA: bearish_transition; MACD: fresh_below_zero_cross_proxy,MACD snapshot proxy; double-cross history unavailable
80,MNST,Monster Beverage,NASDAQ+NASDAQ200+NASDAQ500+SPX,Consumer Staples,44.5,72.0,confirmed_bullish_trend,59.55,bullish_above_signal_proxy,59.69,47.19,16.97,2,raw market data; independent of Prism ranking order,EMA: confirmed_bullish_trend; MACD: bullish_above_signal_proxy,EMA extension 3.7 ATR; MACD setup extended; MACD snapshot proxy; double-cross history unavailable
81,ISRG,Intuitive Surgical,NASDAQ+NASDAQ200+NASDAQ500+SPX,Health Care,43.56,15.0,bearish_transition,71.8,fresh_below_zero_cross_proxy,46.34,48.02,0.0,2,raw market data; independent of Prism ranking order,EMA: bearish_transition; MACD: fresh_below_zero_cross_proxy,MACD snapshot proxy; double-cross history unavailable
82,PODD,Insulet Corporation,NASDAQ+NASDAQ200+NASDAQ500+SPX,Health Care,43.2,15.0,bearish_transition,49.8,bullish_below_zero_proxy,61.92,51.13,0.0,2,raw market data; independent of Prism ranking order,EMA: bearish_transition; MACD: bullish_below_zero_proxy,MACD snapshot proxy; double-cross history unavailable
83,CPRT,Copart,NASDAQ+NASDAQ200+NASDAQ500+SPX,Industrials,41.06,15.0,bearish_transition,71.8,fresh_below_zero_cross_proxy,40.83,42.42,0.0,2,raw market data; independent of Prism ranking order,EMA: bearish_transition; MACD: fresh_below_zero_cross_proxy,MACD snapshot proxy; double-cross history unavailable
84,CMCSA,Comcast,NASDAQ+NASDAQ200+NASDAQ500+SPX,Communication Services,41.04,15.0,bearish_transition,71.8,fresh_below_zero_cross_proxy,40.77,42.4,0.0,2,raw market data; independent of Prism ranking order,EMA: bearish_transition; MACD: fresh_below_zero_cross_proxy,MACD snapshot proxy; double-cross history unavailable
85,NTAP,NetApp,NASDAQ+NASDAQ200+NASDAQ500+SPX,Information Technology,40.1,35.0,mixed_sideways,25.0,bearish_proxy,55.2,45.29,0.0,2,raw market data; independent of Prism ranking order,EMA: mixed_sideways; MACD: bearish_proxy,MACD snapshot proxy; double-cross history unavailable
86,LULU,Lululemon Athletica,NASDAQ+NASDAQ200+NASDAQ500+SPX,Consumer Discretionary,39.58,15.0,bearish_transition,71.8,fresh_below_zero_cross_proxy,36.33,41.52,0.0,2,raw market data; independent of Prism ranking order,EMA: bearish_transition; MACD: fresh_below_zero_cross_proxy,MACD snapshot proxy; double-cross history unavailable
87,TSCO,Tractor Supply,NASDAQ+NASDAQ200+NASDAQ500+SPX,Consumer Discretionary,39.33,15.0,bearish_transition,49.8,bullish_below_zero_proxy,52.24,44.7,0.0,2,raw market data; independent of Prism ranking order,EMA: bearish_transition; MACD: bullish_below_zero_proxy,MACD snapshot proxy; double-cross history unavailable
88,REGN,Regeneron Pharmaceuticals,NASDAQ+NASDAQ200+NASDAQ500+SPX,Health Care,39.18,15.0,bearish_transition,49.8,bullish_below_zero_proxy,51.33,45.52,0.0,2,raw market data; independent of Prism ranking order,EMA: bearish_transition; MACD: bullish_below_zero_proxy,MACD snapshot proxy; double-cross history unavailable
89,ALAB,"Astera Labs, Inc. - Common Stock",NASDAQ+NASDAQ200+NASDAQ500,,39.07,35.0,mixed_sideways,25.0,bearish_proxy,52.08,44.67,0.0,2,raw market data; independent of Prism ranking order,EMA: mixed_sideways; MACD: bearish_proxy,MACD snapshot proxy; double-cross history unavailable
90,TRI,Thomson Reuters Corp - Common Shares,NASDAQ+NASDAQ200+NASDAQ500,,39.02,15.0,bearish_transition,49.8,bullish_below_zero_proxy,51.31,44.51,0.0,2,raw market data; independent of Prism ranking order,EMA: bearish_transition; MACD: bullish_below_zero_proxy,MACD snapshot proxy; double-cross history unavailable
91,NTNX,"Nutanix, Inc. - Class A Common Stock",NASDAQ+NASDAQ200+NASDAQ500,,38.92,35.0,mixed_sideways,25.0,bearish_proxy,51.6,44.57,0.0,2,raw market data; independent of Prism ranking order,EMA: mixed_sideways; MACD: bearish_proxy,MACD snapshot proxy; double-cross history unavailable
92,ADP,Automatic Data Processing,NASDAQ+NASDAQ200+NASDAQ500+SPX,Industrials,38.79,35.0,mixed_sideways,25.0,bearish_proxy,51.22,44.49,0.0,2,raw market data; independent of Prism ranking order,EMA: mixed_sideways; MACD: bearish_proxy,MACD snapshot proxy; double-cross history unavailable
93,ALNY,"Alnylam Pharmaceuticals, Inc. - Common Stock",NASDAQ+NASDAQ200+NASDAQ500,,38.78,15.0,bearish_transition,49.8,bullish_below_zero_proxy,50.58,44.37,0.0,2,raw market data; independent of Prism ranking order,EMA: bearish_transition; MACD: bullish_below_zero_proxy,MACD snapshot proxy; double-cross history unavailable
94,WDC,Western Digital,NASDAQ+NASDAQ200+NASDAQ500+SPX,Information Technology,38.7,35.0,mixed_sideways,20.0,fresh_bearish_cross_proxy,54.75,45.2,0.0,2,raw market data; independent of Prism ranking order,EMA: mixed_sideways; MACD: fresh_bearish_cross_proxy,MACD snapshot proxy; double-cross history unavailable
95,INTU,Intuit,NASDAQ+NASDAQ200+NASDAQ500+SPX,Information Technology,38.68,15.0,bearish_transition,71.8,fresh_below_zero_cross_proxy,33.61,40.97,0.0,2,raw market data; independent of Prism ranking order,EMA: bearish_transition; MACD: fresh_below_zero_cross_proxy,MACD snapshot proxy; double-cross history unavailable
96,STX,Seagate Technology,NASDAQ+NASDAQ200+NASDAQ500+SPX,Information Technology,38.56,35.0,mixed_sideways,20.0,fresh_bearish_cross_proxy,54.33,45.12,0.0,2,raw market data; independent of Prism ranking order,EMA: mixed_sideways; MACD: fresh_bearish_cross_proxy,MACD snapshot proxy; double-cross history unavailable
97,PYPL,PayPal,NASDAQ+NASDAQ200+NASDAQ500+SPX,Financials,38.54,15.0,bearish_transition,49.8,bullish_below_zero_proxy,49.86,44.22,0.0,2,raw market data; independent of Prism ranking order,EMA: bearish_transition; MACD: bullish_below_zero_proxy,MACD snapshot proxy; double-cross history unavailable
98,NBIS,Nebius Group N.V. - Class A Ordinary Shares,NASDAQ+NASDAQ200+NASDAQ500,,38.53,35.0,mixed_sideways,25.0,bearish_proxy,50.43,44.34,0.0,2,raw market data; independent of Prism ranking order,EMA: mixed_sideways; MACD: bearish_proxy,MACD snapshot proxy; double-cross history unavailable
99,WBD,Warner Bros. Discovery,NASDAQ+NASDAQ200+NASDAQ500+SPX,Communication Services,38.44,15.0,bearish_transition,49.8,bullish_below_zero_proxy,49.57,44.16,0.0,2,raw market data; independent of Prism ranking order,EMA: bearish_transition; MACD: bullish_below_zero_proxy,MACD snapshot proxy; double-cross history unavailable
100,CHRW,C.H. Robinson,NASDAQ+NASDAQ200+NASDAQ500+SPX,Industrials,38.43,35.0,mixed_sideways,25.0,bearish_proxy,50.12,44.27,0.0,2,raw market data; independent of Prism ranking order,EMA: mixed_sideways; MACD: bearish_proxy,MACD snapshot proxy; double-cross history unavailable
101,STRL,STERLING INFRASTRUCTURE INC,NASDAQ+NASDAQ200+NASDAQ500+RUSSELL2000,Industrials,38.28,35.0,mixed_sideways,25.0,bearish_proxy,49.66,44.18,0.0,2,raw market data; independent of Prism ranking order,EMA: mixed_sideways; MACD: bearish_proxy,MACD snapshot proxy; double-cross history unavailable
102,FFIV,"F5, Inc.",NASDAQ+NASDAQ200+NASDAQ500+SPX,Information Technology,38.2,35.0,mixed_sideways,25.0,bearish_proxy,47.85,47.32,0.0,2,raw market data; independent of Prism ranking order,EMA: mixed_sideways; MACD: bearish_proxy,MACD snapshot proxy; double-cross history unavailable
103,WMT,Walmart,NASDAQ+NASDAQ200+NASDAQ500+SPX,Consumer Staples,37.92,15.0,bearish_transition,49.8,bullish_below_zero_proxy,47.52,44.75,0.0,2,raw market data; independent of Prism ranking order,EMA: bearish_transition; MACD: bullish_below_zero_proxy,MACD snapshot proxy; double-cross history unavailable
104,CDNS,Cadence Design Systems,NASDAQ+NASDAQ200+NASDAQ500+SPX,Information Technology,37.75,35.0,mixed_sideways,25.0,bearish_proxy,48.08,43.87,0.0,2,raw market data; independent of Prism ranking order,EMA: mixed_sideways; MACD: bearish_proxy,MACD snapshot proxy; double-cross history unavailable
105,KHC,Kraft Heinz,NASDAQ+NASDAQ200+NASDAQ500+SPX,Consumer Staples,37.69,35.0,mixed_sideways,25.0,bearish_proxy,47.42,44.73,0.0,2,raw market data; independent of Prism ranking order,EMA: mixed_sideways; MACD: bearish_proxy,MACD snapshot proxy; double-cross history unavailable
106,AMD,Advanced Micro Devices,NASDAQ+NASDAQ200+NASDAQ500+SPX,Information Technology,37.59,35.0,mixed_sideways,25.0,bearish_proxy,44.63,49.68,0.0,2,raw market data; independent of Prism ranking order,EMA: mixed_sideways; MACD: bearish_proxy,MACD snapshot proxy; double-cross history unavailable
107,ODFL,Old Dominion,NASDAQ+NASDAQ200+NASDAQ500+SPX,Industrials,37.56,35.0,mixed_sideways,25.0,bearish_proxy,47.5,43.75,0.0,2,raw market data; independent of Prism ranking order,EMA: mixed_sideways; MACD: bearish_proxy,MACD snapshot proxy; double-cross history unavailable
108,TXN,Texas Instruments,NASDAQ+NASDAQ200+NASDAQ500+SPX,Information Technology,37.5,35.0,mixed_sideways,25.0,bearish_proxy,44.36,49.62,0.0,2,raw market data; independent of Prism ranking order,EMA: mixed_sideways; MACD: bearish_proxy,MACD snapshot proxy; double-cross history unavailable
109,MELI,"MercadoLibre, Inc. - Common Stock",NASDAQ+NASDAQ200+NASDAQ500,,37.46,15.0,bearish_transition,49.8,bullish_below_zero_proxy,46.6,43.57,0.0,2,raw market data; independent of Prism ranking order,EMA: bearish_transition; MACD: bullish_below_zero_proxy,MACD snapshot proxy; double-cross history unavailable
110,EXE,Expand Energy,NASDAQ+NASDAQ200+NASDAQ500+SPX,Energy,37.44,15.0,bearish_transition,49.8,bullish_below_zero_proxy,46.51,43.55,0.0,2,raw market data; independent of Prism ranking order,EMA: bearish_transition; MACD: bullish_below_zero_proxy,MACD snapshot proxy; double-cross history unavailable
111,CRDO,CREDO TECHNOLOGY GROUP HOLDING LTD,NASDAQ+NASDAQ200+NASDAQ500+RUSSELL2000,Information Technology,37.34,35.0,mixed_sideways,20.0,fresh_bearish_cross_proxy,50.6,44.37,0.0,2,raw market data; independent of Prism ranking order,EMA: mixed_sideways; MACD: fresh_bearish_cross_proxy,MACD snapshot proxy; double-cross history unavailable
112,ADI,Analog Devices,NASDAQ+NASDAQ200+NASDAQ500+SPX,Information Technology,37.34,35.0,mixed_sideways,25.0,bearish_proxy,43.87,49.52,0.0,2,raw market data; independent of Prism ranking order,EMA: mixed_sideways; MACD: bearish_proxy,MACD snapshot proxy; double-cross history unavailable
113,MAR,Marriott International,NASDAQ+NASDAQ200+NASDAQ500+SPX,Consumer Discretionary,37.3,35.0,mixed_sideways,25.0,bearish_proxy,46.72,43.59,0.0,2,raw market data; independent of Prism ranking order,EMA: mixed_sideways; MACD: bearish_proxy,MACD snapshot proxy; double-cross history unavailable
114,PEP,PepsiCo,NASDAQ+NASDAQ200+NASDAQ500+SPX,Consumer Staples,37.05,15.0,bearish_transition,49.8,bullish_below_zero_proxy,44.88,44.23,0.0,2,raw market data; independent of Prism ranking order,EMA: bearish_transition; MACD: bullish_below_zero_proxy,MACD snapshot proxy; double-cross history unavailable
115,GEN,Gen Digital,NASDAQ+NASDAQ200+NASDAQ500+SPX,Information Technology,37.04,35.0,mixed_sideways,25.0,bearish_proxy,45.9,43.43,0.0,2,raw market data; independent of Prism ranking order,EMA: mixed_sideways; MACD: bearish_proxy,MACD snapshot proxy; double-cross history unavailable
116,GRAB,Grab Holdings Limited - Class A Ordinary Shares,NASDAQ+NASDAQ200+NASDAQ500,,36.99,15.0,bearish_transition,49.8,bullish_below_zero_proxy,45.16,43.28,0.0,2,raw market data; independent of Prism ranking order,EMA: bearish_transition; MACD: bullish_below_zero_proxy,MACD snapshot proxy; double-cross history unavailable
117,CSCO,Cisco,NASDAQ+NASDAQ200+NASDAQ500+SPX,Information Technology,36.99,35.0,mixed_sideways,25.0,bearish_proxy,44.18,46.59,0.0,2,raw market data; independent of Prism ranking order,EMA: mixed_sideways; MACD: bearish_proxy,MACD snapshot proxy; double-cross history unavailable
118,ULTA,Ulta Beauty,NASDAQ+NASDAQ200+NASDAQ500+SPX,Consumer Discretionary,36.93,15.0,bearish_transition,49.8,bullish_below_zero_proxy,44.97,43.24,0.0,2,raw market data; independent of Prism ranking order,EMA: bearish_transition; MACD: bullish_below_zero_proxy,MACD snapshot proxy; double-cross history unavailable
119,BNTX,BioNTech SE - American Depositary Shares,NASDAQ+NASDAQ200+NASDAQ500,,36.81,15.0,bearish_transition,49.8,bullish_below_zero_proxy,44.61,43.17,0.0,2,raw market data; independent of Prism ranking order,EMA: bearish_transition; MACD: bullish_below_zero_proxy,MACD snapshot proxy; double-cross history unavailable
120,ARM,Arm Holdings plc - American Depositary Shares,NASDAQ+NASDAQ200+NASDAQ500,,36.75,35.0,mixed_sideways,25.0,bearish_proxy,45.05,43.26,0.0,2,raw market data; independent of Prism ranking order,EMA: mixed_sideways; MACD: bearish_proxy,MACD snapshot proxy; double-cross history unavailable
121,GILD,Gilead Sciences,NASDAQ+NASDAQ200+NASDAQ500+SPX,Health Care,36.65,15.0,bearish_transition,49.8,bullish_below_zero_proxy,43.68,43.99,0.0,2,raw market data; independent of Prism ranking order,EMA: bearish_transition; MACD: bullish_below_zero_proxy,MACD snapshot proxy; double-cross history unavailable
122,RGLD,"Royal Gold, Inc. - Common Stock",NASDAQ+NASDAQ200+NASDAQ500,,36.46,15.0,bearish_transition,49.8,bullish_below_zero_proxy,43.54,42.96,0.0,2,raw market data; independent of Prism ranking order,EMA: bearish_transition; MACD: bullish_below_zero_proxy,MACD snapshot proxy; double-cross history unavailable
123,EBAY,eBay Inc.,NASDAQ+NASDAQ200+NASDAQ500+SPX,Consumer Discretionary,36.41,35.0,mixed_sideways,25.0,bearish_proxy,43.99,43.05,0.0,2,raw market data; independent of Prism ranking order,EMA: mixed_sideways; MACD: bearish_proxy,MACD snapshot proxy; double-cross history unavailable
124,TMUS,T-Mobile US,NASDAQ+NASDAQ200+NASDAQ500+SPX,Communication Services,36.35,15.0,bearish_transition,49.8,bullish_below_zero_proxy,43.2,42.89,0.0,2,raw market data; independent of Prism ranking order,EMA: bearish_transition; MACD: bullish_below_zero_proxy,MACD snapshot proxy; double-cross history unavailable
125,TRMB,Trimble Inc.,NASDAQ+NASDAQ200+NASDAQ500+SPX,Information Technology,35.65,15.0,bearish_transition,49.8,bullish_below_zero_proxy,41.1,42.47,0.0,2,raw market data; independent of Prism ranking order,EMA: bearish_transition; MACD: bullish_below_zero_proxy,MACD snapshot proxy; double-cross history unavailable
126,CEG,Constellation Energy,NASDAQ+NASDAQ200+NASDAQ500+SPX,Utilities,34.73,15.0,bearish_transition,49.8,bullish_below_zero_proxy,37.85,42.82,0.0,2,raw market data; independent of Prism ranking order,EMA: bearish_transition; MACD: bullish_below_zero_proxy,MACD snapshot proxy; double-cross history unavailable
127,GFS,GlobalFoundries Inc. - Ordinary Share,NASDAQ+NASDAQ200+NASDAQ500,,34.22,35.0,mixed_sideways,25.0,bearish_proxy,37.37,41.72,0.0,2,raw market data; independent of Prism ranking order,EMA: mixed_sideways; MACD: bearish_proxy,MACD snapshot proxy; double-cross history unavailable
128,SNY,Sanofi - American Depositary Shares,NASDAQ+NASDAQ200+NASDAQ500,,33.8,15.0,bearish_transition,25.0,bearish_proxy,54.27,45.1,0.0,2,raw market data; independent of Prism ranking order,EMA: bearish_transition; MACD: bearish_proxy,MACD snapshot proxy; double-cross history unavailable
129,MCHP,Microchip Technology,NASDAQ+NASDAQ200+NASDAQ500+SPX,Information Technology,33.27,35.0,mixed_sideways,25.0,bearish_proxy,31.53,47.06,0.0,2,raw market data; independent of Prism ranking order,EMA: mixed_sideways; MACD: bearish_proxy,MACD snapshot proxy; double-cross history unavailable
130,IDXX,Idexx Laboratories,NASDAQ+NASDAQ200+NASDAQ500+SPX,Health Care,33.18,15.0,bearish_transition,25.0,bearish_proxy,50.36,48.82,0.0,2,raw market data; independent of Prism ranking order,EMA: bearish_transition; MACD: bearish_proxy,MACD snapshot proxy; double-cross history unavailable
131,ECHO,ECHOSTAR CORP CLASS A,NASDAQ+NASDAQ200+NASDAQ500+RUSSELL2000+SPX,Communication,32.39,15.0,bearish_transition,25.0,bearish_proxy,50.0,44.25,0.0,2,raw market data; independent of Prism ranking order,EMA: bearish_transition; MACD: bearish_proxy,MACD snapshot proxy; double-cross history unavailable
132,MTSI,"MACOM Technology Solutions Holdings, Inc. - Common Stock",NASDAQ+NASDAQ200+NASDAQ500,,32.26,35.0,mixed_sideways,25.0,bearish_proxy,31.42,40.53,0.0,2,raw market data; independent of Prism ranking order,EMA: mixed_sideways; MACD: bearish_proxy,MACD snapshot proxy; double-cross history unavailable
133,DXCM,Dexcom,NASDAQ+NASDAQ200+NASDAQ500+SPX,Health Care,32.18,15.0,bearish_transition,25.0,bearish_proxy,47.33,48.22,0.0,2,raw market data; independent of Prism ranking order,EMA: bearish_transition; MACD: bearish_proxy,MACD snapshot proxy; double-cross history unavailable
134,CTAS,Cintas,NASDAQ+NASDAQ200+NASDAQ500+SPX,Industrials,31.9,15.0,bearish_transition,25.0,bearish_proxy,48.52,43.95,0.0,2,raw market data; independent of Prism ranking order,EMA: bearish_transition; MACD: bearish_proxy,MACD snapshot proxy; double-cross history unavailable
135,WYNN,Wynn Resorts,NASDAQ+NASDAQ200+NASDAQ500+SPX,Consumer Discretionary,31.8,15.0,bearish_transition,25.0,bearish_proxy,48.21,43.89,0.0,2,raw market data; independent of Prism ranking order,EMA: bearish_transition; MACD: bearish_proxy,MACD snapshot proxy; double-cross history unavailable
136,CASY,Casey's,NASDAQ+NASDAQ200+NASDAQ500+SPX,Consumer Staples,31.79,15.0,bearish_transition,25.0,bearish_proxy,47.75,44.8,0.0,2,raw market data; independent of Prism ranking order,EMA: bearish_transition; MACD: bearish_proxy,MACD snapshot proxy; double-cross history unavailable
137,QCOM,Qualcomm,NASDAQ+NASDAQ200+NASDAQ500+SPX,Information Technology,31.66,35.0,mixed_sideways,25.0,bearish_proxy,26.64,46.08,0.0,2,raw market data; independent of Prism ranking order,EMA: mixed_sideways; MACD: bearish_proxy,MACD snapshot proxy; double-cross history unavailable
138,SMMT,Summit Therapeutics Inc.  - Common Stock,NASDAQ+NASDAQ200+NASDAQ500,,31.1,15.0,bearish_transition,49.8,bullish_below_zero_proxy,27.32,39.71,0.0,2,raw market data; independent of Prism ranking order,EMA: bearish_transition; MACD: bullish_below_zero_proxy,MACD snapshot proxy; double-cross history unavailable
139,RIVN,"Rivian Automotive, Inc. - Class A Common Stock",NASDAQ+NASDAQ200+NASDAQ500,,31.06,15.0,bearish_transition,25.0,bearish_proxy,45.97,43.44,0.0,2,raw market data; independent of Prism ranking order,EMA: bearish_transition; MACD: bearish_proxy,MACD snapshot proxy; double-cross history unavailable
140,NWSA,News Corp (Class A),NASDAQ+NASDAQ200+NASDAQ500+SPX,Communication Services,31.06,15.0,bearish_transition,25.0,bearish_proxy,45.97,43.44,0.0,2,raw market data; independent of Prism ranking order,EMA: bearish_transition; MACD: bearish_proxy,MACD snapshot proxy; double-cross history unavailable
141,NWS,News Corp (Class B),NASDAQ+NASDAQ200+NASDAQ500+SPX,Communication Services,30.91,15.0,bearish_transition,25.0,bearish_proxy,45.51,43.35,0.0,2,raw market data; independent of Prism ranking order,EMA: bearish_transition; MACD: bearish_proxy,MACD snapshot proxy; double-cross history unavailable
142,CHKP,Check Point Software Technologies Ltd. - Ordinary Shares,NASDAQ+NASDAQ200+NASDAQ500,,30.72,15.0,bearish_transition,25.0,bearish_proxy,44.96,43.24,0.0,2,raw market data; independent of Prism ranking order,EMA: bearish_transition; MACD: bearish_proxy,MACD snapshot proxy; double-cross history unavailable
143,WDAY,"Workday, Inc.",NASDAQ+NASDAQ200+NASDAQ500+SPX,Information Technology,30.7,15.0,bearish_transition,25.0,bearish_proxy,44.88,43.23,0.0,2,raw market data; independent of Prism ranking order,EMA: bearish_transition; MACD: bearish_proxy,MACD snapshot proxy; double-cross history unavailable
144,COST,Costco,NASDAQ+NASDAQ200+NASDAQ500+SPX,Consumer Staples,30.66,15.0,bearish_transition,25.0,bearish_proxy,44.31,44.11,0.0,2,raw market data; independent of Prism ranking order,EMA: bearish_transition; MACD: bearish_proxy,MACD snapshot proxy; double-cross history unavailable
145,MDB,"MongoDB, Inc. - Class A Common Stock",NASDAQ+NASDAQ200+NASDAQ500,,30.64,15.0,bearish_transition,25.0,bearish_proxy,44.7,43.19,0.0,2,raw market data; independent of Prism ranking order,EMA: bearish_transition; MACD: bearish_proxy,MACD snapshot proxy; double-cross history unavailable
146,DPZ,Domino's,NASDAQ+NASDAQ200+NASDAQ500+SPX,Consumer Discretionary,30.52,15.0,bearish_transition,25.0,bearish_proxy,44.33,43.12,0.0,2,raw market data; independent of Prism ranking order,EMA: bearish_transition; MACD: bearish_proxy,MACD snapshot proxy; double-cross history unavailable
147,SSNC,"SS&C Technologies Holdings, Inc. - Common Stock",NASDAQ+NASDAQ200+NASDAQ500,,30.19,15.0,bearish_transition,25.0,bearish_proxy,43.35,42.92,0.0,2,raw market data; independent of Prism ranking order,EMA: bearish_transition; MACD: bearish_proxy,MACD snapshot proxy; double-cross history unavailable
148,STLD,Steel Dynamics,NASDAQ+NASDAQ200+NASDAQ500+SPX,Materials,30.15,15.0,bearish_transition,25.0,bearish_proxy,43.22,42.89,0.0,2,raw market data; independent of Prism ranking order,EMA: bearish_transition; MACD: bearish_proxy,MACD snapshot proxy; double-cross history unavailable
149,HTHT,H World Group Limited - American Depositary Shares,NASDAQ+NASDAQ200+NASDAQ500,,29.7,15.0,bearish_transition,25.0,bearish_proxy,41.85,42.62,0.0,2,raw market data; independent of Prism ranking order,EMA: bearish_transition; MACD: bearish_proxy,MACD snapshot proxy; double-cross history unavailable
150,SYM,Symbotic Inc. - Class A Common Stock,NASDAQ+NASDAQ200+NASDAQ500,,29.44,15.0,bearish_transition,49.8,bullish_below_zero_proxy,22.28,38.71,0.0,2,raw market data; independent of Prism ranking order,EMA: bearish_transition; MACD: bullish_below_zero_proxy,MACD snapshot proxy; double-cross history unavailable
151,NVDA,Nvidia,NASDAQ+NASDAQ200+NASDAQ500+SPX,Information Technology,29.33,15.0,bearish_transition,25.0,bearish_proxy,37.78,48.31,0.0,2,raw market data; independent of Prism ranking order,EMA: bearish_transition; MACD: bearish_proxy,MACD snapshot proxy; double-cross history unavailable
152,FANG,Diamondback Energy,NASDAQ+NASDAQ200+NASDAQ500+SPX,Energy,29.21,15.0,bearish_transition,25.0,bearish_proxy,40.38,42.33,0.0,2,raw market data; independent of Prism ranking order,EMA: bearish_transition; MACD: bearish_proxy,MACD snapshot proxy; double-cross history unavailable
153,ROST,Ross Stores,NASDAQ+NASDAQ200+NASDAQ500+SPX,Consumer Discretionary,29.11,15.0,bearish_transition,25.0,bearish_proxy,40.07,42.26,0.0,2,raw market data; independent of Prism ranking order,EMA: bearish_transition; MACD: bearish_proxy,MACD snapshot proxy; double-cross history unavailable
154,MSFT,Microsoft,NASDAQ+NASDAQ200+NASDAQ500+SPX,Information Technology,29.0,15.0,bearish_transition,25.0,bearish_proxy,39.74,42.2,0.0,2,raw market data; independent of Prism ranking order,EMA: bearish_transition; MACD: bearish_proxy,MACD snapshot proxy; double-cross history unavailable
155,DOCU,"DocuSign, Inc. - Common Stock",NASDAQ+NASDAQ200+NASDAQ500,,28.87,15.0,bearish_transition,25.0,bearish_proxy,39.33,42.12,0.0,2,raw market data; independent of Prism ranking order,EMA: bearish_transition; MACD: bearish_proxy,MACD snapshot proxy; double-cross history unavailable
156,AAPL,Apple Inc.,NASDAQ+NASDAQ200+NASDAQ500+SPX,Information Technology,28.79,15.0,bearish_transition,25.0,bearish_proxy,39.1,42.07,0.0,2,raw market data; independent of Prism ranking order,EMA: bearish_transition; MACD: bearish_proxy,MACD snapshot proxy; double-cross history unavailable
157,BKR,Baker Hughes,NASDAQ+NASDAQ200+NASDAQ500+SPX,Energy,28.6,15.0,bearish_transition,25.0,bearish_proxy,36.92,45.13,0.0,2,raw market data; independent of Prism ranking order,EMA: bearish_transition; MACD: bearish_proxy,MACD snapshot proxy; double-cross history unavailable
158,TCOM,Trip.com Group Limited - American Depositary Shares,NASDAQ+NASDAQ200+NASDAQ500,,28.46,15.0,bearish_transition,25.0,bearish_proxy,38.11,41.87,0.0,2,raw market data; independent of Prism ranking order,EMA: bearish_transition; MACD: bearish_proxy,MACD snapshot proxy; double-cross history unavailable
159,GOOGL,Alphabet Inc. (Class A),NASDAQ+NASDAQ200+NASDAQ500+SPX,Communication Services,28.39,15.0,bearish_transition,25.0,bearish_proxy,37.89,41.83,0.0,2,raw market data; independent of Prism ranking order,EMA: bearish_transition; MACD: bearish_proxy,MACD snapshot proxy; double-cross history unavailable
160,AVGO,Broadcom,NASDAQ+NASDAQ200+NASDAQ500+SPX,Information Technology,28.36,15.0,bearish_transition,25.0,bearish_proxy,34.85,47.72,0.0,2,raw market data; independent of Prism ranking order,EMA: bearish_transition; MACD: bearish_proxy,MACD snapshot proxy; double-cross history unavailable
161,DKNG,DraftKings Inc. - Class A Common Stock,NASDAQ+NASDAQ200+NASDAQ500,,28.29,15.0,bearish_transition,25.0,bearish_proxy,37.59,41.77,0.0,2,raw market data; independent of Prism ranking order,EMA: bearish_transition; MACD: bearish_proxy,MACD snapshot proxy; double-cross history unavailable
162,GOOG,Alphabet Inc. (Class C),NASDAQ+NASDAQ200+NASDAQ500+SPX,Communication Services,28.16,15.0,bearish_transition,25.0,bearish_proxy,37.2,41.69,0.0,2,raw market data; independent of Prism ranking order,EMA: bearish_transition; MACD: bearish_proxy,MACD snapshot proxy; double-cross history unavailable
163,PSKY,Paramount Skydance Corporation,NASDAQ+NASDAQ200+NASDAQ500+SPX,Communication Services,27.91,15.0,bearish_transition,25.0,bearish_proxy,36.43,41.54,0.0,2,raw market data; independent of Prism ranking order,EMA: bearish_transition; MACD: bearish_proxy,MACD snapshot proxy; double-cross history unavailable
164,PDD,PDD Holdings Inc. - American Depositary Shares,NASDAQ+NASDAQ200+NASDAQ500,,27.6,15.0,bearish_transition,25.0,bearish_proxy,35.5,41.35,0.0,2,raw market data; independent of Prism ranking order,EMA: bearish_transition; MACD: bearish_proxy,MACD snapshot proxy; double-cross history unavailable
165,AMZN,Amazon,NASDAQ+NASDAQ200+NASDAQ500+SPX,Consumer Discretionary,27.4,15.0,bearish_transition,25.0,bearish_proxy,34.89,41.23,0.0,2,raw market data; independent of Prism ranking order,EMA: bearish_transition; MACD: bearish_proxy,MACD snapshot proxy; double-cross history unavailable
166,VRSN,Verisign,NASDAQ+NASDAQ200+NASDAQ500+SPX,Information Technology,27.39,15.0,bearish_transition,25.0,bearish_proxy,34.86,41.22,0.0,2,raw market data; independent of Prism ranking order,EMA: bearish_transition; MACD: bearish_proxy,MACD snapshot proxy; double-cross history unavailable
167,NFLX,Netflix,NASDAQ+NASDAQ200+NASDAQ500+SPX,Communication Services,27.28,15.0,bearish_transition,25.0,bearish_proxy,34.52,41.15,0.0,2,raw market data; independent of Prism ranking order,EMA: bearish_transition; MACD: bearish_proxy,MACD snapshot proxy; double-cross history unavailable
168,FISV,Fiserv,NASDAQ+NASDAQ200+NASDAQ500+SPX,Financials,27.11,15.0,bearish_transition,25.0,bearish_proxy,34.01,41.05,0.0,2,raw market data; independent of Prism ranking order,EMA: bearish_transition; MACD: bearish_proxy,MACD snapshot proxy; double-cross history unavailable
169,ZG,"Zillow Group, Inc. - Class A Common Stock",NASDAQ+NASDAQ200,,27.1,15.0,bearish_transition,25.0,bearish_proxy,33.96,41.04,0.0,2,raw market data; independent of Prism ranking order,EMA: bearish_transition; MACD: bearish_proxy,MACD snapshot proxy; double-cross history unavailable
170,LOGI,Logitech International S.A. - Registered Shares,NASDAQ+NASDAQ200+NASDAQ500,,27.01,15.0,bearish_transition,25.0,bearish_proxy,33.72,40.99,0.0,2,raw market data; independent of Prism ranking order,EMA: bearish_transition; MACD: bearish_proxy,MACD snapshot proxy; double-cross history unavailable
171,META,Meta Platforms,NASDAQ+NASDAQ200+NASDAQ500+SPX,Communication Services,26.85,15.0,bearish_transition,25.0,bearish_proxy,33.21,40.89,0.0,2,raw market data; independent of Prism ranking order,EMA: bearish_transition; MACD: bearish_proxy,MACD snapshot proxy; double-cross history unavailable
172,PLTR,Palantir Technologies,NASDAQ+NASDAQ200+NASDAQ500+SPX,Information Technology,26.63,15.0,bearish_transition,25.0,bearish_proxy,32.56,40.76,0.0,2,raw market data; independent of Prism ranking order,EMA: bearish_transition; MACD: bearish_proxy,MACD snapshot proxy; double-cross history unavailable
173,TSLA,"Tesla, Inc.",NASDAQ+NASDAQ200+NASDAQ500+SPX,Consumer Discretionary,26.6,15.0,bearish_transition,25.0,bearish_proxy,32.47,40.74,0.0,2,raw market data; independent of Prism ranking order,EMA: bearish_transition; MACD: bearish_proxy,MACD snapshot proxy; double-cross history unavailable
174,Z,"Zillow Group, Inc. - Class C Capital Stock",NASDAQ+NASDAQ200+NASDAQ500,,26.57,15.0,bearish_transition,25.0,bearish_proxy,32.36,40.72,0.0,2,raw market data; independent of Prism ranking order,EMA: bearish_transition; MACD: bearish_proxy,MACD snapshot proxy; double-cross history unavailable
175,JD,"JD.com, Inc. - American Depositary Shares",NASDAQ+NASDAQ200+NASDAQ500,,26.56,15.0,bearish_transition,25.0,bearish_proxy,32.35,40.72,0.0,2,raw market data; independent of Prism ranking order,EMA: bearish_transition; MACD: bearish_proxy,MACD snapshot proxy; double-cross history unavailable
176,SNPS,Synopsys,NASDAQ+NASDAQ200+NASDAQ500+SPX,Information Technology,26.52,15.0,bearish_transition,25.0,bearish_proxy,32.23,40.7,0.0,2,raw market data; independent of Prism ranking order,EMA: bearish_transition; MACD: bearish_proxy,MACD snapshot proxy; double-cross history unavailable
177,ESLT,Elbit Systems Ltd. - Ordinary Shares,NASDAQ+NASDAQ200+NASDAQ500,,26.5,15.0,bearish_transition,25.0,bearish_proxy,32.16,40.68,0.0,2,raw market data; independent of Prism ranking order,EMA: bearish_transition; MACD: bearish_proxy,MACD snapshot proxy; double-cross history unavailable
178,TSEM,Tower Semiconductor Ltd. - Ordinary Shares,NASDAQ+NASDAQ200+NASDAQ500,,26.31,35.0,mixed_sideways,20.0,fresh_bearish_cross_proxy,17.18,37.69,0.0,2,raw market data; independent of Prism ranking order,EMA: mixed_sideways; MACD: fresh_bearish_cross_proxy,MACD snapshot proxy; double-cross history unavailable
179,ADBE,Adobe Inc.,NASDAQ+NASDAQ200+NASDAQ500+SPX,Information Technology,26.2,15.0,bearish_transition,25.0,bearish_proxy,31.25,40.5,0.0,2,raw market data; independent of Prism ranking order,EMA: bearish_transition; MACD: bearish_proxy,MACD snapshot proxy; double-cross history unavailable
180,ZM,"Zoom Communications, Inc. - Class A Common Stock",NASDAQ+NASDAQ200+NASDAQ500,,25.92,15.0,bearish_transition,25.0,bearish_proxy,30.41,40.33,0.0,2,raw market data; independent of Prism ranking order,EMA: bearish_transition; MACD: bearish_proxy,MACD snapshot proxy; double-cross history unavailable
181,ADSK,Autodesk,NASDAQ+NASDAQ200+NASDAQ500+SPX,Information Technology,25.6,15.0,bearish_transition,25.0,bearish_proxy,29.43,40.14,0.0,2,raw market data; independent of Prism ranking order,EMA: bearish_transition; MACD: bearish_proxy,MACD snapshot proxy; double-cross history unavailable
182,CRWV,"CoreWeave, Inc. - Class A Common Stock",NASDAQ+NASDAQ200+NASDAQ500,,25.39,15.0,bearish_transition,25.0,bearish_proxy,28.79,40.01,0.0,2,raw market data; independent of Prism ranking order,EMA: bearish_transition; MACD: bearish_proxy,MACD snapshot proxy; double-cross history unavailable
183,PTC,PTC Inc.,NASDAQ+NASDAQ200+NASDAQ500+SPX,Information Technology,25.26,15.0,bearish_transition,25.0,bearish_proxy,28.41,39.93,0.0,2,raw market data; independent of Prism ranking order,EMA: bearish_transition; MACD: bearish_proxy,MACD snapshot proxy; double-cross history unavailable
184,NXPI,NXP Semiconductors,NASDAQ+NASDAQ200+NASDAQ500+SPX,Information Technology,25.2,15.0,bearish_transition,25.0,bearish_proxy,25.26,45.8,0.0,2,raw market data; independent of Prism ranking order,EMA: bearish_transition; MACD: bearish_proxy,MACD snapshot proxy; double-cross history unavailable
185,FSLR,First Solar,NASDAQ+NASDAQ200+NASDAQ500+SPX,Information Technology,24.85,15.0,bearish_transition,25.0,bearish_proxy,24.2,45.59,0.0,2,raw market data; independent of Prism ranking order,EMA: bearish_transition; MACD: bearish_proxy,MACD snapshot proxy; double-cross history unavailable
186,MPWR,Monolithic Power Systems,NASDAQ+NASDAQ200+NASDAQ500+SPX,Information Technology,24.84,15.0,bearish_transition,25.0,bearish_proxy,24.16,45.58,0.0,2,raw market data; independent of Prism ranking order,EMA: bearish_transition; MACD: bearish_proxy,MACD snapshot proxy; double-cross history unavailable
187,TTD,Trade Desk (The),NASDAQ+NASDAQ200+NASDAQ500+SPX,Communication Services,24.45,15.0,bearish_transition,25.0,bearish_proxy,25.96,39.44,0.0,2,raw market data; independent of Prism ranking order,EMA: bearish_transition; MACD: bearish_proxy,MACD snapshot proxy; double-cross history unavailable
188,FOXA,Fox Corporation (Class A),NASDAQ+NASDAQ200+NASDAQ500+SPX,Communication Services,24.42,15.0,bearish_transition,25.0,bearish_proxy,25.86,39.42,0.0,2,raw market data; independent of Prism ranking order,EMA: bearish_transition; MACD: bearish_proxy,MACD snapshot proxy; double-cross history unavailable
189,CTSH,Cognizant,NASDAQ+NASDAQ200+NASDAQ500+SPX,Information Technology,24.34,15.0,bearish_transition,25.0,bearish_proxy,25.62,39.37,0.0,2,raw market data; independent of Prism ranking order,EMA: bearish_transition; MACD: bearish_proxy,MACD snapshot proxy; double-cross history unavailable
190,FOX,Fox Corporation (Class B),NASDAQ+NASDAQ200+NASDAQ500+SPX,Communication Services,24.1,15.0,bearish_transition,25.0,bearish_proxy,24.89,39.23,0.0,2,raw market data; independent of Prism ranking order,EMA: bearish_transition; MACD: bearish_proxy,MACD snapshot proxy; double-cross history unavailable
191,BIDU,"Baidu, Inc. - American Depositary Shares, each representing 8 ordinary share",NASDAQ+NASDAQ200+NASDAQ500,,23.91,15.0,bearish_transition,25.0,bearish_proxy,24.3,39.11,0.0,2,raw market data; independent of Prism ranking order,EMA: bearish_transition; MACD: bearish_proxy,MACD snapshot proxy; double-cross history unavailable
192,TEAM,Atlassian Corporation  - Class A Common Stock,NASDAQ+NASDAQ200+NASDAQ500,,23.65,15.0,bearish_transition,25.0,bearish_proxy,23.51,38.95,0.0,2,raw market data; independent of Prism ranking order,EMA: bearish_transition; MACD: bearish_proxy,MACD snapshot proxy; double-cross history unavailable
193,APP,AppLovin,NASDAQ+NASDAQ200+NASDAQ500+SPX,Information Technology,23.48,15.0,bearish_transition,25.0,bearish_proxy,23.0,38.85,0.0,2,raw market data; independent of Prism ranking order,EMA: bearish_transition; MACD: bearish_proxy,MACD snapshot proxy; double-cross history unavailable
194,KTOS,KRATOS DEFENSE AND SECURITY SOLUTI,NASDAQ+NASDAQ200+NASDAQ500+RUSSELL2000,Industrials,23.34,15.0,bearish_transition,25.0,bearish_proxy,22.57,38.76,0.0,2,raw market data; independent of Prism ranking order,EMA: bearish_transition; MACD: bearish_proxy,MACD snapshot proxy; double-cross history unavailable
195,LITE,Lumentum,NASDAQ+NASDAQ200+NASDAQ500+SPX,Information Technology,22.25,15.0,bearish_transition,25.0,bearish_proxy,17.68,41.29,0.0,2,raw market data; independent of Prism ranking order,EMA: bearish_transition; MACD: bearish_proxy,MACD snapshot proxy; double-cross history unavailable
196,AKAM,Akamai Technologies,NASDAQ+NASDAQ200+NASDAQ500+SPX,Information Technology,22.16,15.0,bearish_transition,25.0,bearish_proxy,19.0,38.05,0.0,2,raw market data; independent of Prism ranking order,EMA: bearish_transition; MACD: bearish_proxy,MACD snapshot proxy; double-cross history unavailable
197,NXT,NEXTPOWER INC CLASS A,NASDAQ+NASDAQ200+NASDAQ500+RUSSELL2000,Industrials,21.76,15.0,bearish_transition,25.0,bearish_proxy,17.78,37.81,0.0,2,raw market data; independent of Prism ranking order,EMA: bearish_transition; MACD: bearish_proxy,MACD snapshot proxy; double-cross history unavailable
198,AVAV,AEROVIRONMENT INC,NASDAQ+NASDAQ200+NASDAQ500+RUSSELL2000,Industrials,21.34,15.0,bearish_transition,25.0,bearish_proxy,16.53,37.56,0.0,2,raw market data; independent of Prism ranking order,EMA: bearish_transition; MACD: bearish_proxy,MACD snapshot proxy; double-cross history unavailable
199,SMCI,Supermicro,NASDAQ+NASDAQ200+NASDAQ500+SPX,Information Technology,20.51,15.0,bearish_transition,25.0,bearish_proxy,14.01,37.05,0.0,2,raw market data; independent of Prism ranking order,EMA: bearish_transition; MACD: bearish_proxy,MACD snapshot proxy; double-cross history unavailable
200,ON,ON Semiconductor,NASDAQ+NASDAQ200+NASDAQ500+SPX,Information Technology,19.59,18.0,bearish_transition,26.35,bearish_proxy,4.52,41.65,0.0,2,raw market data; independent of Prism ranking order,EMA: bearish_transition; MACD: bearish_proxy,MACD snapshot proxy; double-cross history unavailable
201,IREN,IREN Limited - Ordinary Shares,NASDAQ+NASDAQ200+NASDAQ500,,15.89,15.0,bearish_transition,25.0,bearish_proxy,0.0,34.25,0.0,2,raw market data; independent of Prism ranking order,EMA: bearish_transition; MACD: bearish_proxy,MACD snapshot proxy; double-cross history unavailable
202,MSTR,Strategy Inc - Class A Common Stock,NASDAQ+NASDAQ200+NASDAQ500,,15.89,15.0,bearish_transition,25.0,bearish_proxy,0.0,34.25,0.0,2,raw market data; independent of Prism ranking order,EMA: bearish_transition; MACD: bearish_proxy,MACD snapshot proxy; double-cross history unavailable
203,RKLB,Rocket Lab Corporation - Common Stock,NASDAQ+NASDAQ200+NASDAQ500,,15.89,15.0,bearish_transition,25.0,bearish_proxy,0.0,34.25,0.0,2,raw market data; independent of Prism ranking order,EMA: bearish_transition; MACD: bearish_proxy,MACD snapshot proxy; double-cross history unavailable
