ticker,name,index,sector,industry,market_cap,price,pe,revenue_growth_yoy,earnings_growth_yoy,ai_exposure,supply_chain_score,macro_beta,momentum_1m,volume_signal,atr_percent,risk_flags,total_score,leopold_score,seri_score,daoshi_score,cat_score,social_score,signal_count,risk_count,catalyst_count,thesis,caution
AMAT,Applied Materials,NASDAQ+NASDAQ200+NASDAQ500+SPX,Information Technology,Semiconductor Materials & Equipment,0.0,668.0,0.0,0.0,0.0,0.0,0.0,1.0,46.8486838516339,0.649789279685149,6.859601668092387,,60.75,47.0,44.0,65,100.0,50,0,0,0,constructive momentum,No major Prism warning from provided data
MU,Micron Technology,NASDAQ+NASDAQ200+NASDAQ500+SPX,Information Technology,Semiconductors,0.0,1213.560059,0.0,0.0,0.0,0.0,0.0,1.0,35.4601120939182,0.27397610377821247,9.067007924185951,,58.1,47.0,44.0,65,78.74,66.0,1,1,1,constructive momentum; positive market/social signals,1 extracted risk note(s)
MRVL,Marvell Technology,NASDAQ+NASDAQ200+NASDAQ500+SPX,Information Technology,Semiconductors,0.0,281.26001,0.0,0.0,0.0,0.0,0.0,1.0,35.05234646721278,0.9459725212486745,11.717931796581084,,58.08,47.0,44.0,65,83.63,56.0,1,1,1,constructive momentum; positive market/social signals,1 extracted risk note(s)
KLAC,KLA Corporation,NASDAQ+NASDAQ200+NASDAQ500+SPX,Information Technology,Semiconductor Materials & Equipment,0.0,258.799988,0.0,0.0,0.0,0.0,0.0,1.0,28.66722898424556,0.45316347017899217,7.682713013550391,,56.76,47.0,44.0,65,80.03,50,0,0,0,constructive momentum,No major Prism warning from provided data
LRCX,Lam Research,NASDAQ+NASDAQ200+NASDAQ500+SPX,Information Technology,Semiconductor Materials & Equipment,0.0,401.820007,0.0,0.0,0.0,0.0,0.0,1.0,24.52585091013062,0.5852004902500758,7.415367501669899,,55.97,47.0,44.0,65,76.11,50,0,0,0,constructive momentum,No major Prism warning from provided data
TER,Teradyne,NASDAQ+NASDAQ200+NASDAQ500+SPX,Information Technology,Semiconductor Materials & Equipment,0.0,471.959991,0.0,0.0,0.0,0.0,0.0,1.0,21.282821814148313,0.9609957506774778,7.272105992076409,,55.8,47.0,44.0,65,75.23,50,0,0,0,constructive momentum,No major Prism warning from provided data
ICLR,ICON plc - Ordinary Shares,NASDAQ+NASDAQ200+NASDAQ500,,,0.0,160.960007,0.0,0.0,0.0,0.0,0.0,1.0,41.379016098006424,0.1815430342327573,4.7172329583708335,,54.25,35.0,30.0,65,100.0,50,0,0,0,constructive momentum,No major Prism warning from provided data
NTRA,"Natera, Inc. - Common Stock",NASDAQ+NASDAQ200+NASDAQ500,,,0.0,260.73999,0.0,0.0,0.0,0.0,0.0,1.0,29.77949569897973,0.5249383460063526,4.856917147889083,,52.24,35.0,30.0,65,89.93,50,0,0,0,constructive momentum,No major Prism warning from provided data
SNDK,Sandisk,NASDAQ+NASDAQ200+NASDAQ500+SPX,Information Technology,"Technology Hardware, Storage & Peripherals",0.0,2335.0,0.0,0.0,0.0,0.0,0.0,1.0,46.896915983801144,-0.1445448208895016,9.222444591618233,,52.07,35.0,30.0,65,89.12,50,0,0,0,constructive momentum,No major Prism warning from provided data
DLTR,Dollar Tree,NASDAQ+NASDAQ200+NASDAQ500+SPX,Consumer Staples,Consumer Staples Merchandise Retail,0.0,118.209999,0.0,0.0,0.0,0.0,0.0,1.0,26.157953879123387,0.15944112005215927,4.00769759393559,,51.78,35.0,30.0,70,82.67,50,0,0,0,macro resilience; constructive momentum,No major Prism warning from provided data
ADI,Analog Devices,NASDAQ+NASDAQ200+NASDAQ500+SPX,Information Technology,Semiconductors,0.0,417.929993,0.0,0.0,0.0,0.0,0.0,1.0,-0.4786419465702574,0.5861498231419227,4.905639406591099,,51.57,47.0,44.0,65,54.11,50,0,0,0,mixed but monitorable setup,No major Prism warning from provided data
INTC,Intel,NASDAQ+NASDAQ200+NASDAQ500+SPX,Information Technology,Semiconductors,0.0,132.869995,0.0,0.0,0.0,0.0,0.0,1.0,7.569622917008312,0.04484424548264654,8.570137782316575,,51.04,47.0,44.0,65,51.44,50,0,0,0,mixed but monitorable setup,No major Prism warning from provided data
UAL,United Airlines Holdings,NASDAQ200+SPX,Industrials,Passenger Airlines,0.0,134.604996,0.0,0.0,0.0,0.0,0.0,1.0,27.081758441876104,0.06866939089497182,4.426709551171276,,50.86,35.0,30.0,65,83.05,50,0,0,0,constructive momentum,No major Prism warning from provided data
OKTA,"Okta, Inc. - Class A Common Stock",NASDAQ+NASDAQ200+NASDAQ500,,,0.0,119.260002,0.0,0.0,0.0,0.0,0.0,1.0,27.129308754489045,0.03983481927154586,5.0694754306645065,,50.82,35.0,30.0,65,82.87,50,0,0,0,constructive momentum,No major Prism warning from provided data
TXN,Texas Instruments,NASDAQ+NASDAQ200+NASDAQ500+SPX,Information Technology,Semiconductors,0.0,311.809998,0.0,0.0,0.0,0.0,0.0,1.0,-4.0259830699937,0.42007497857912757,4.964791136317938,,50.46,47.0,44.0,65,48.53,50,0,0,0,mixed but monitorable setup,No major Prism warning from provided data
PCAR,Paccar,NASDAQ+NASDAQ200+NASDAQ500+SPX,Industrials,Construction Machinery & Heavy Transportation Equipment,0.0,121.68,0.0,0.0,0.0,0.0,0.0,1.0,8.633155814067406,0.29312199132056094,2.9673848854137304,,50.29,35.0,44.0,65,62.7,50,0,0,0,mixed but monitorable setup,No major Prism warning from provided data
ILMN,"Illumina, Inc. - Common Stock",NASDAQ+NASDAQ200+NASDAQ500,,,0.0,177.649994,0.0,0.0,0.0,0.0,0.0,1.0,22.32321069539931,0.4188220090626211,3.8462468831509526,,50.28,35.0,30.0,65,80.14,50,0,0,0,constructive momentum,No major Prism warning from provided data
AMD,Advanced Micro Devices,NASDAQ+NASDAQ200+NASDAQ500+SPX,Information Technology,Semiconductors,0.0,532.570007,0.0,0.0,0.0,0.0,0.0,1.0,5.6917166735284574,-0.18219423408352742,7.167535655618916,,50.22,47.0,44.0,65,47.37,50,0,0,0,mixed but monitorable setup,No major Prism warning from provided data
AVGO,Broadcom,NASDAQ+NASDAQ200+NASDAQ500+SPX,Information Technology,Semiconductors,0.0,378.910004,0.0,0.0,0.0,0.0,0.0,1.0,-10.213029307053645,0.19601500688045959,5.238881737205334,,50.21,47.0,44.0,65,39.31,66.0,1,1,1,positive market/social signals,1 extracted risk note(s); weak or volatile technical setup
GH,GUARDANT HEALTH INC,NASDAQ+NASDAQ200+NASDAQ500+RUSSELL2000,Health Care,,0.0,142.940002,0.0,0.0,0.0,0.0,0.0,1.0,19.265752511735545,0.14768187138042488,4.78122557223095,,50.11,35.0,30.0,70,74.3,50,0,0,0,macro resilience; constructive momentum,No major Prism warning from provided data
WWD,"Woodward, Inc. - Common Stock",NASDAQ+NASDAQ200+NASDAQ500,,,0.0,436.440002,0.0,0.0,0.0,0.0,0.0,1.0,20.81384138408304,0.2938219720079909,3.6527680449812285,,49.72,35.0,30.0,65,77.33,50,0,0,0,constructive momentum,No major Prism warning from provided data
MEDP,"Medpace Holdings, Inc. - Common Stock",NASDAQ+NASDAQ200+NASDAQ500,,,0.0,519.960022,0.0,0.0,0.0,0.0,0.0,1.0,21.171736891650283,0.10497068560904843,3.4320636124378243,,49.5,35.0,30.0,65,76.25,50,0,0,0,constructive momentum,No major Prism warning from provided data
GEHC,GE HealthCare,NASDAQ+NASDAQ200+NASDAQ500+SPX,Health Care,Health Care Equipment,0.0,64.940002,0.0,0.0,0.0,0.0,0.0,1.0,1.1841726394515417,0.254243215466325,2.9560261309684406,,49.44,35.0,44.0,70,53.45,50,0,0,0,macro resilience,No major Prism warning from provided data
ROP,Roper Technologies,NASDAQ+NASDAQ200+NASDAQ500+SPX,Information Technology,Electronic Equipment & Instruments,0.0,332.420013,0.0,0.0,0.0,0.0,0.0,1.0,3.783960491437788,0.43772085492057466,2.6302783959383023,,49.36,35.0,44.0,65,58.04,50,0,0,0,mixed but monitorable setup,No major Prism warning from provided data
FLEX,Flex Ltd.,NASDAQ+NASDAQ200+NASDAQ500+SPX,Information Technology,Electronic Manufacturing Services,0.0,161.279999,0.0,0.0,0.0,0.0,0.0,1.0,12.594242788528254,2.2732142182489263,6.372673296315826,,49.31,35.0,30.0,65,75.3,50,0,0,0,constructive momentum,No major Prism warning from provided data
PODD,Insulet Corporation,NASDAQ+NASDAQ200+NASDAQ500+SPX,Health Care,Health Care Equipment,0.0,153.820007,0.0,0.0,0.0,0.0,0.0,1.0,0.013006501696888328,0.282688997674863,4.194607281668968,,49.21,35.0,44.0,70,52.28,50,0,0,0,macro resilience,No major Prism warning from provided data
IDXX,Idexx Laboratories,NASDAQ+NASDAQ200+NASDAQ500+SPX,Health Care,Health Care Equipment,0.0,554.940002,0.0,0.0,0.0,0.0,0.0,1.0,-0.4073903753295971,0.2300490246292053,3.084959997428436,,49.02,35.0,44.0,70,51.35,50,0,0,0,macro resilience,No major Prism warning from provided data
WDC,Western Digital,NASDAQ+NASDAQ200+NASDAQ500+SPX,Information Technology,"Technology Hardware, Storage & Peripherals",0.0,675.390015,0.0,0.0,0.0,0.0,0.0,1.0,28.731532279506755,0.6300045547076583,9.19299378025726,,48.95,35.0,30.0,65,73.52,50,0,0,0,constructive momentum,No major Prism warning from provided data
COO,Cooper Companies (The),NASDAQ+NASDAQ200+NASDAQ500+SPX,Health Care,Health Care Supplies,0.0,70.639999,0.0,0.0,0.0,0.0,0.0,1.0,13.88038068483608,0.14560201506591453,3.010233722439002,,48.81,35.0,30.0,70,67.82,50,0,0,0,macro resilience,No major Prism warning from provided data
NXPI,NXP Semiconductors,NASDAQ+NASDAQ200+NASDAQ500+SPX,Information Technology,Semiconductors,0.0,298.640015,0.0,0.0,0.0,0.0,0.0,1.0,-10.229355418337626,0.29089466364626904,5.944089527702057,,48.76,47.0,44.0,65,40.05,50,0,0,0,mixed but monitorable setup,weak or volatile technical setup
CDW,CDW Corporation,NASDAQ+NASDAQ200+NASDAQ500+SPX,Information Technology,Technology Distributors,0.0,128.020004,0.0,0.0,0.0,0.0,0.0,1.0,17.893000014476467,0.10264689349891554,4.251982035111148,,48.71,35.0,30.0,65,72.29,50,0,0,0,constructive momentum,No major Prism warning from provided data
NVDA,Nvidia,NASDAQ+NASDAQ200+NASDAQ500+SPX,Information Technology,Semiconductors,0.0,195.740005,0.0,0.0,0.0,0.0,0.0,1.0,-8.89881593177504,0.009373508047773482,3.795122295735388,,48.63,47.0,44.0,65,39.4,50,0,0,0,mixed but monitorable setup,weak or volatile technical setup
INCY,Incyte,NASDAQ+NASDAQ200+NASDAQ500+SPX,Health Care,Biotechnology,0.0,107.529999,0.0,0.0,0.0,0.0,0.0,1.0,10.741504855643779,0.4353812530803163,4.318064301293261,,48.52,35.0,30.0,70,66.37,50,0,0,0,macro resilience,No major Prism warning from provided data
ROIV,Roivant Sciences Ltd. - Common Shares,NASDAQ+NASDAQ200+NASDAQ500,,,0.0,34.02,0.0,0.0,0.0,0.0,0.0,1.0,14.68059616785451,0.462679947445533,3.47715629461661,,48.51,35.0,30.0,65,71.32,50,0,0,0,constructive momentum,No major Prism warning from provided data
MCHP,Microchip Technology,NASDAQ+NASDAQ200+NASDAQ500+SPX,Information Technology,Semiconductors,0.0,94.120003,0.0,0.0,0.0,0.0,0.0,1.0,-4.008158979862553,0.1639553170122392,6.3619387353519645,,48.45,47.0,44.0,65,38.5,50,0,0,0,mixed but monitorable setup,weak or volatile technical setup
STX,Seagate Technology,NASDAQ+NASDAQ200+NASDAQ500+SPX,Information Technology,"Technology Hardware, Storage & Peripherals",0.0,1025.359985,0.0,0.0,0.0,0.0,0.0,1.0,21.235335423343106,0.4289423786123987,7.896251675941889,,48.43,35.0,30.0,65,70.91,50,0,0,0,constructive momentum,No major Prism warning from provided data
VRTX,Vertex Pharmaceuticals,NASDAQ+NASDAQ200+NASDAQ500+SPX,Health Care,Biotechnology,0.0,480.179993,0.0,0.0,0.0,0.0,0.0,1.0,10.150712433314958,0.43776785051067324,2.4372539075898447,,48.39,35.0,30.0,70,65.68,50,0,0,0,macro resilience,No major Prism warning from provided data
KDP,Keurig Dr Pepper,NASDAQ+NASDAQ200+NASDAQ500+SPX,Consumer Staples,Soft Drinks & Non-alcoholic Beverages,0.0,32.52,0.0,0.0,0.0,0.0,0.0,1.0,10.050765145541973,0.4109329500708434,2.512740511333683,,48.32,35.0,30.0,70,65.35,50,0,0,0,macro resilience,No major Prism warning from provided data
DASH,DoorDash,NASDAQ+NASDAQ200+NASDAQ500+SPX,Consumer Discretionary,Specialized Consumer Services,0.0,176.910004,0.0,0.0,0.0,0.0,0.0,1.0,14.87662597402597,0.3078264526042396,4.920621471953129,,48.31,35.0,30.0,65,70.31,50,0,0,0,constructive momentum,No major Prism warning from provided data
CSCO,Cisco,NASDAQ+NASDAQ200+NASDAQ500+SPX,Information Technology,Communications Equipment,0.0,118.970001,0.0,0.0,0.0,0.0,0.0,1.0,0.5408594516883358,0.19081356435859798,3.369245759933812,,48.19,35.0,44.0,65,52.18,50,0,0,0,mixed but monitorable setup,No major Prism warning from provided data
RVMD,"Revolution Medicines, Inc. - Common Stock",NASDAQ+NASDAQ200+NASDAQ500,,,0.0,178.169998,0.0,0.0,0.0,0.0,0.0,1.0,15.030020756859841,0.18571606249518813,3.8854551466868523,,48.15,35.0,30.0,65,69.52,50,0,0,0,mixed but monitorable setup,No major Prism warning from provided data
KMB,Kimberly-Clark,NASDAQ+NASDAQ200+NASDAQ500+SPX,Consumer Staples,Household Products,0.0,108.099998,0.0,0.0,0.0,0.0,0.0,1.0,9.446189413167637,0.25858039327194615,2.5244489035843594,,47.93,35.0,30.0,70,63.4,50,0,0,0,macro resilience,No major Prism warning from provided data
MNST,Monster Beverage,NASDAQ+NASDAQ200+NASDAQ500+SPX,Consumer Staples,Soft Drinks & Non-alcoholic Beverages,0.0,95.830002,0.0,0.0,0.0,0.0,0.0,1.0,9.620229000691571,0.19025147564510814,1.885407527622272,,47.86,35.0,30.0,70,63.07,50,0,0,0,macro resilience,No major Prism warning from provided data
EXPE,Expedia Group,NASDAQ+NASDAQ200+NASDAQ500+SPX,Consumer Discretionary,"Hotels, Resorts & Cruise Lines",0.0,250.949997,0.0,0.0,0.0,0.0,0.0,1.0,12.548771527341017,0.29498946199217935,4.06213613144614,,47.73,35.0,30.0,65,67.42,50,0,0,0,mixed but monitorable setup,No major Prism warning from provided data
ON,ON Semiconductor,NASDAQ+NASDAQ200+NASDAQ500+SPX,Information Technology,Semiconductors,0.0,118.739998,0.0,0.0,0.0,0.0,0.0,1.0,-6.50393858267716,0.07281548814850147,8.146851120161594,,47.71,47.0,44.0,65,34.78,50,0,0,0,mixed but monitorable setup,weak or volatile technical setup
ALAB,"Astera Labs, Inc. - Common Stock",NASDAQ+NASDAQ200+NASDAQ500,,,0.0,398.0,0.0,0.0,0.0,0.0,0.0,1.0,24.874497600167867,0.40113942757319454,9.91627844580043,,47.66,35.0,30.0,65,67.06,50,0,0,0,mixed but monitorable setup,No major Prism warning from provided data
TTWO,Take-Two Interactive,NASDAQ+NASDAQ200+NASDAQ500+SPX,Communication Services,Interactive Home Entertainment,0.0,238.720001,0.0,0.0,0.0,0.0,0.0,1.0,8.179636182350446,0.8936709471201407,3.829650171864497,,47.64,35.0,30.0,65,66.96,50,0,0,0,mixed but monitorable setup,No major Prism warning from provided data
DXCM,Dexcom,NASDAQ+NASDAQ200+NASDAQ500+SPX,Health Care,Health Care Equipment,0.0,68.650002,0.0,0.0,0.0,0.0,0.0,1.0,-4.6660184789329655,0.006972235378285507,4.089063974098647,,47.64,35.0,44.0,70,44.46,50,0,0,0,macro resilience,weak or volatile technical setup
FTNT,Fortinet,NASDAQ+NASDAQ200+NASDAQ500+SPX,Information Technology,Systems Software,0.0,149.929993,0.0,0.0,0.0,0.0,0.0,1.0,11.92145802142277,0.28972162567326754,4.0204492067746,,47.57,35.0,30.0,65,66.62,50,0,0,0,mixed but monitorable setup,No major Prism warning from provided data
AEP,American Electric Power,NASDAQ+NASDAQ200+NASDAQ500+SPX,Utilities,Electric Utilities,0.0,137.0,0.0,0.0,0.0,0.0,0.0,1.0,4.660050633768553,0.7529900516033818,1.8266421793534933,,47.57,35.0,30.0,70,61.62,50,0,0,0,macro resilience,No major Prism warning from provided data
ARGX,argenx SE - American Depositary Shares,NASDAQ+NASDAQ200+NASDAQ500,,,0.0,888.650024,0.0,0.0,0.0,0.0,0.0,1.0,9.922940971340255,0.5458154184806316,4.104352277607096,,47.5,35.0,30.0,65,66.27,50,0,0,0,mixed but monitorable setup,No major Prism warning from provided data
PANW,Palo Alto Networks,NASDAQ+NASDAQ200+NASDAQ500+SPX,Information Technology,Systems Software,0.0,293.089996,0.0,0.0,0.0,0.0,0.0,1.0,14.153844595910403,-0.0991716271408456,3.854620525108998,,47.49,35.0,30.0,65,66.19,50,0,0,0,mixed but monitorable setup,No major Prism warning from provided data
NTAP,NetApp,NASDAQ+NASDAQ200+NASDAQ500+SPX,Information Technology,"Technology Hardware, Storage & Peripherals",0.0,154.589996,0.0,0.0,0.0,0.0,0.0,1.0,11.255846950468108,0.3179013171586318,4.636689750609732,,47.46,35.0,30.0,65,66.05,50,0,0,0,mixed but monitorable setup,No major Prism warning from provided data
FFIV,"F5, Inc.",NASDAQ+NASDAQ200+NASDAQ500+SPX,Information Technology,Communications Equipment,0.0,386.01001,0.0,0.0,0.0,0.0,0.0,1.0,-2.7682594458438237,0.11608380496506143,3.126860992172569,,47.27,35.0,44.0,65,47.61,50,0,0,0,mixed but monitorable setup,No major Prism warning from provided data
ASND,Ascendis Pharma A/S - Ordinary Share,NASDAQ+NASDAQ200+NASDAQ500,,,0.0,261.579987,0.0,0.0,0.0,0.0,0.0,1.0,9.150842290444627,0.48659912770215885,4.372631234317523,,47.22,35.0,30.0,65,64.87,50,0,0,0,mixed but monitorable setup,No major Prism warning from provided data
MPWR,Monolithic Power Systems,NASDAQ+NASDAQ200+NASDAQ500+SPX,Information Technology,Semiconductors,0.0,1438.300049,0.0,0.0,0.0,0.0,0.0,1.0,-13.510681649937851,0.7647110709084652,8.287587748170695,,47.13,47.0,44.0,65,31.9,50,0,0,0,mixed but monitorable setup,weak or volatile technical setup
ISRG,Intuitive Surgical,NASDAQ+NASDAQ200+NASDAQ500+SPX,Health Care,Health Care Equipment,0.0,399.690002,0.0,0.0,0.0,0.0,0.0,1.0,-8.46235153230288,0.24759226866044948,2.792520385764938,,47.12,35.0,44.0,70,41.83,50,0,0,0,macro resilience,weak or volatile technical setup
BKNG,Booking Holdings,NASDAQ+NASDAQ200+NASDAQ500+SPX,Consumer Discretionary,"Hotels, Resorts & Cruise Lines",0.0,177.050003,0.0,0.0,0.0,0.0,0.0,1.0,8.420085577095794,0.5187922854392566,3.887320384367831,,47.1,35.0,30.0,65,64.25,50,0,0,0,mixed but monitorable setup,No major Prism warning from provided data
TLN,Talen Energy Corporation - Common Stock,NASDAQ+NASDAQ200+NASDAQ500,,,0.0,416.799988,0.0,0.0,0.0,0.0,0.0,1.0,7.146526478149107,0.6402987986732447,5.629335900351047,,46.99,35.0,30.0,65,63.7,50,0,0,0,mixed but monitorable setup,No major Prism warning from provided data
FSLR,First Solar,NASDAQ+NASDAQ200+NASDAQ500+SPX,Information Technology,Semiconductors,0.0,248.639999,0.0,0.0,0.0,0.0,0.0,1.0,-7.894058919323188,-0.1898879177371755,6.853827448736434,,46.95,47.0,44.0,65,31.01,50,0,0,0,mixed but monitorable setup,weak or volatile technical setup
ZBRA,Zebra Technologies,NASDAQ+NASDAQ200+NASDAQ500+SPX,Information Technology,Electronic Equipment & Instruments,0.0,243.389999,0.0,0.0,0.0,0.0,0.0,1.0,-3.585011459475429,0.0024269158849192785,4.693230930283914,,46.89,35.0,44.0,65,45.72,50,0,0,0,mixed but monitorable setup,No major Prism warning from provided data
TEM,"Tempus AI, Inc. - Class A Common Stock",NASDAQ+NASDAQ200+NASDAQ500,,,0.0,54.869999,0.0,0.0,0.0,0.0,0.0,1.0,17.59536862408917,0.012167437702804929,6.939127935051408,,46.89,35.0,30.0,65,63.21,50,0,0,0,mixed but monitorable setup,No major Prism warning from provided data
AMGN,Amgen,NASDAQ+NASDAQ200+NASDAQ500+SPX,Health Care,Biotechnology,0.0,352.820007,0.0,0.0,0.0,0.0,0.0,1.0,5.024708251326371,0.2679415820345872,2.662629393997407,,46.88,35.0,30.0,70,58.17,50,0,0,0,macro resilience,No major Prism warning from provided data
NBIS,Nebius Group N.V. - Class A Ordinary Shares,NASDAQ+NASDAQ200+NASDAQ500,,,0.0,256.630005,0.0,0.0,0.0,0.0,0.0,1.0,23.3442312154593,0.12660072570139702,10.989471927549104,,46.86,35.0,30.0,65,63.03,50,0,0,0,mixed but monitorable setup,No major Prism warning from provided data
BIIB,Biogen,NASDAQ+NASDAQ200+NASDAQ500+SPX,Health Care,Biotechnology,0.0,201.960007,0.0,0.0,0.0,0.0,0.0,1.0,4.599132436304809,0.13998154307713273,3.0589515958686095,,46.58,35.0,30.0,70,56.64,50,0,0,0,macro resilience,No major Prism warning from provided data
LNT,Alliant Energy,NASDAQ+NASDAQ200+NASDAQ500+SPX,Utilities,Electric Utilities,0.0,76.190002,0.0,0.0,0.0,0.0,0.0,1.0,3.4066259500542984,0.29227993371104377,1.7104787393420546,,46.54,35.0,30.0,70,56.43,50,0,0,0,macro resilience,No major Prism warning from provided data
AXON,Axon Enterprise,NASDAQ+NASDAQ200+NASDAQ500+SPX,Industrials,Aerospace & Defense,0.0,444.730011,0.0,0.0,0.0,0.0,0.0,1.0,15.424351116252822,0.037885338034023164,6.11076962570251,,46.41,35.0,30.0,65,60.81,50,0,0,0,mixed but monitorable setup,No major Prism warning from provided data
NDSN,Nordson Corporation,NASDAQ+NASDAQ200+NASDAQ500+SPX,Industrials,Industrial Machinery & Supplies & Components,0.0,304.640015,0.0,0.0,0.0,0.0,0.0,1.0,5.840262918818118,0.4517007683796843,2.4926375573384294,,46.37,35.0,30.0,65,60.62,50,0,0,0,mixed but monitorable setup,No major Prism warning from provided data
EVRG,Evergy,NASDAQ+NASDAQ200+NASDAQ500+SPX,Utilities,Electric Utilities,0.0,86.660004,0.0,0.0,0.0,0.0,0.0,1.0,3.031747675285379,0.15815038703257,1.7313159828610178,,46.23,35.0,30.0,70,54.9,50,0,0,0,macro resilience,No major Prism warning from provided data
CRDO,CREDO TECHNOLOGY GROUP HOLDING LTD,NASDAQ+NASDAQ200+NASDAQ500+RUSSELL2000,Information Technology,,0.0,268.029999,0.0,0.0,0.0,0.0,0.0,1.0,20.930337578642554,0.09421807227915235,10.927828748644771,,46.22,35.0,30.0,65,59.87,50,0,0,0,mixed but monitorable setup,No major Prism warning from provided data
BBIO,BRIDGEBIO PHARMA INC,NASDAQ+NASDAQ200+NASDAQ500+RUSSELL2000,Health Care,,0.0,69.690002,0.0,0.0,0.0,0.0,0.0,1.0,2.893841596315916,0.16837448633302365,3.3084271235512777,,46.21,35.0,30.0,70,54.82,50,0,0,0,macro resilience,No major Prism warning from provided data
ABNB,Airbnb,NASDAQ+NASDAQ200+NASDAQ500+SPX,Consumer Discretionary,"Hotels, Resorts & Cruise Lines",0.0,141.880005,0.0,0.0,0.0,0.0,0.0,1.0,6.933985894919381,0.16892780946653518,3.1174025745004936,,46.18,35.0,30.0,65,59.67,50,0,0,0,mixed but monitorable setup,No major Prism warning from provided data
MDLZ,Mondelez International,NASDAQ+NASDAQ200+NASDAQ500+SPX,Consumer Staples,Packaged Foods & Meats,0.0,61.200001,0.0,0.0,0.0,0.0,0.0,1.0,-0.06531841720056608,0.5616161263775092,2.422968214377271,,46.13,35.0,30.0,70,54.41,50,0,0,0,macro resilience,No major Prism warning from provided data
CCEP,Coca-Cola Europacific Partners plc - Ordinary Shares,NASDAQ+NASDAQ200+NASDAQ500,,,0.0,99.599998,0.0,0.0,0.0,0.0,0.0,1.0,6.626692789778699,0.11701602268550837,1.9399010716560738,,46.03,35.0,30.0,65,58.89,50,0,0,0,mixed but monitorable setup,No major Prism warning from provided data
EXC,Exelon,NASDAQ+NASDAQ200+NASDAQ500+SPX,Utilities,Electric Utilities,0.0,46.75,0.0,0.0,0.0,0.0,0.0,1.0,1.5641994691331762,0.22817774271287194,2.050419709702063,,45.99,35.0,30.0,70,53.7,50,0,0,0,macro resilience,No major Prism warning from provided data
SHOP,Shopify Inc. - Class A Subordinate Voting Shares,NASDAQ+NASDAQ200+NASDAQ500,,,0.0,111.620003,0.0,0.0,0.0,0.0,0.0,1.0,6.406101879769266,0.10401085653521003,4.989824526088111,,45.95,35.0,30.0,65,58.52,50,0,0,0,mixed but monitorable setup,No major Prism warning from provided data
STRL,STERLING INFRASTRUCTURE INC,NASDAQ+NASDAQ200+NASDAQ500+RUSSELL2000,Industrials,,0.0,881.919983,0.0,0.0,0.0,0.0,0.0,1.0,12.557266519264454,0.1724340022500721,8.104233241823644,,45.94,35.0,30.0,65,58.45,50,0,0,0,mixed but monitorable setup,No major Prism warning from provided data
XEL,Xcel Energy,NASDAQ+NASDAQ200+NASDAQ500+SPX,Utilities,Multi-Utilities,0.0,81.75,0.0,0.0,0.0,0.0,0.0,1.0,1.200793528110844,0.221528458736044,1.9886409785932684,,45.89,35.0,30.0,70,53.21,50,0,0,0,macro resilience,No major Prism warning from provided data
NBIX,"Neurocrine Biosciences, Inc. - Common Stock",NASDAQ+NASDAQ200+NASDAQ500,,,0.0,164.179993,0.0,0.0,0.0,0.0,0.0,1.0,5.4260561337200475,0.13282877673370463,2.9323221409287594,,45.76,35.0,30.0,65,57.57,50,0,0,0,mixed but monitorable setup,No major Prism warning from provided data
FAST,Fastenal,NASDAQ+NASDAQ200+NASDAQ500+SPX,Industrials,Trading Companies & Distributors,0.0,46.919998,0.0,0.0,0.0,0.0,0.0,1.0,5.556798525156381,0.10446560710947228,2.336804995479448,,45.75,35.0,30.0,65,57.5,50,0,0,0,mixed but monitorable setup,No major Prism warning from provided data
PAYX,Paychex,NASDAQ+NASDAQ200+NASDAQ500+SPX,Industrials,Human Resource & Employment Services,0.0,96.720001,0.0,0.0,0.0,0.0,0.0,1.0,2.0253142818993375,0.5507859213270074,3.2608852906383734,,45.62,35.0,30.0,65,56.84,50,0,0,0,mixed but monitorable setup,No major Prism warning from provided data
EA,Electronic Arts,NASDAQ+NASDAQ200+NASDAQ500+SPX,Communication Services,Interactive Home Entertainment,0.0,204.729996,0.0,0.0,0.0,0.0,0.0,1.0,1.789882618458627,0.5637961195429633,0.5151378920137758,,45.58,35.0,30.0,65,56.66,50,0,0,0,mixed but monitorable setup,No major Prism warning from provided data
LLYVK,"Liberty Live Holdings, Inc. - Series C Liberty Live Group Common Stock",NASDAQ+NASDAQ200,,,0.0,102.080002,0.0,0.0,0.0,0.0,0.0,1.0,3.8348124063637856,0.20783943608597566,3.3996433503204693,,45.5,35.0,30.0,65,56.26,50,0,0,0,mixed but monitorable setup,No major Prism warning from provided data
QCOM,Qualcomm,NASDAQ+NASDAQ200+NASDAQ500+SPX,Information Technology,Semiconductors,0.0,204.899994,0.0,0.0,0.0,0.0,0.0,1.0,-17.651318931117956,0.3318421669117846,8.313462559551995,,45.44,47.0,44.0,65,23.47,50,0,0,0,mixed but monitorable setup,weak or volatile technical setup
TSCO,Tractor Supply,NASDAQ+NASDAQ200+NASDAQ500+SPX,Consumer Discretionary,Other Specialty Retail,0.0,30.75,0.0,0.0,0.0,0.0,0.0,1.0,3.1879229257692376,0.259930049895964,3.2148655052264816,,45.43,35.0,30.0,65,55.9,50,0,0,0,mixed but monitorable setup,No major Prism warning from provided data
IONS,"Ionis Pharmaceuticals, Inc. - Common Stock",NASDAQ+NASDAQ200+NASDAQ500,,,0.0,78.339996,0.0,0.0,0.0,0.0,0.0,1.0,2.98408833968713,0.2894111251500575,2.7649620289196104,,45.43,35.0,30.0,65,55.9,50,0,0,0,mixed but monitorable setup,No major Prism warning from provided data
REGN,Regeneron Pharmaceuticals,NASDAQ+NASDAQ200+NASDAQ500+SPX,Health Care,Biotechnology,0.0,620.140015,0.0,0.0,0.0,0.0,0.0,1.0,-2.281677242142377,0.43021287330614766,2.5214911575827186,,45.39,35.0,30.0,70,50.7,50,0,0,0,macro resilience,No major Prism warning from provided data
STLD,Steel Dynamics,NASDAQ+NASDAQ200+NASDAQ500+SPX,Materials,Steel,0.0,251.0,0.0,0.0,0.0,0.0,0.0,1.0,0.2035989420017037,0.6466310687330019,4.0722828969834906,,45.33,35.0,30.0,65,55.42,50,0,0,0,mixed but monitorable setup,No major Prism warning from provided data
RYAAY,"Ryanair Holdings plc - American Depositary Shares, each representing five Ordinary Shares",NASDAQ+NASDAQ200,,,0.0,64.169998,0.0,0.0,0.0,0.0,0.0,1.0,6.435556370284368,-0.34331922535597303,2.772768402722139,,45.25,35.0,30.0,65,54.98,50,0,0,0,mixed but monitorable setup,No major Prism warning from provided data
LECO,"Lincoln Electric Holdings, Inc. - Common Shares",NASDAQ+NASDAQ200+NASDAQ500,,,0.0,273.720001,0.0,0.0,0.0,0.0,0.0,1.0,3.1698779026035906,0.11286805234186725,2.88955417411595,,45.19,35.0,30.0,65,54.71,50,0,0,0,mixed but monitorable setup,No major Prism warning from provided data
MDLN,Medline Inc. - Class A common stock,NASDAQ+NASDAQ200+NASDAQ500,,,0.0,37.77,0.0,0.0,0.0,0.0,0.0,1.0,4.452433628318597,-0.10599753910729026,4.307084231627522,,45.15,35.0,30.0,65,54.49,50,0,0,0,mixed but monitorable setup,No major Prism warning from provided data
MDGL,MADRIGAL PHARMACEUTICALS INC,NASDAQ+NASDAQ200+NASDAQ500+RUSSELL2000,Health Care,,0.0,513.789978,0.0,0.0,0.0,0.0,0.0,1.0,-2.000848863155913,0.22118046610523123,3.4633383520654935,,45.12,35.0,30.0,70,49.37,50,0,0,0,macro resilience,No major Prism warning from provided data
RPRX,Royalty Pharma plc - Class A Ordinary Shares,NASDAQ+NASDAQ200+NASDAQ500,,,0.0,54.689999,0.0,0.0,0.0,0.0,0.0,1.0,1.5410285640358623,0.30769689019348867,2.674163646315975,,45.11,35.0,30.0,65,54.31,50,0,0,0,mixed but monitorable setup,No major Prism warning from provided data
KHC,Kraft Heinz,NASDAQ+NASDAQ200+NASDAQ500+SPX,Consumer Staples,Packaged Foods & Meats,0.0,23.469999,0.0,0.0,0.0,0.0,0.0,1.0,-1.5932955974842788,0.13727606937623937,2.619149785951966,,45.09,35.0,30.0,70,49.19,50,0,0,0,macro resilience,No major Prism warning from provided data
JBHT,J.B. Hunt,NASDAQ+NASDAQ200+NASDAQ500+SPX,Industrials,Cargo Ground Transportation,0.0,274.679993,0.0,0.0,0.0,0.0,0.0,1.0,2.6342292972718173,0.08694578113287177,3.650743685580333,,45.02,35.0,30.0,65,53.86,50,0,0,0,mixed but monitorable setup,No major Prism warning from provided data
MAR,Marriott International,NASDAQ+NASDAQ200+NASDAQ500+SPX,Consumer Discretionary,"Hotels, Resorts & Cruise Lines",0.0,378.910004,0.0,0.0,0.0,0.0,0.0,1.0,1.3643310845848466,0.2588723718115433,2.7493324359039986,,44.99,35.0,30.0,65,53.71,50,0,0,0,mixed but monitorable setup,No major Prism warning from provided data
AFRM,"Affirm Holdings, Inc. - Class A Common Stock",NASDAQ+NASDAQ200+NASDAQ500,,,0.0,76.849998,0.0,0.0,0.0,0.0,0.0,1.0,10.942689949878304,-0.2001416116689505,6.267774956313503,,44.96,35.0,30.0,65,53.53,50,0,0,0,mixed but monitorable setup,No major Prism warning from provided data
LIN,Linde plc,NASDAQ+NASDAQ200+NASDAQ500+SPX,Materials,Industrial Gases,0.0,522.280029,0.0,0.0,0.0,0.0,0.0,1.0,1.4195115077884957,0.22433453192818176,2.1668726299316314,,44.95,35.0,30.0,65,53.5,50,0,0,0,mixed but monitorable setup,No major Prism warning from provided data
NWS,News Corp (Class B),NASDAQ+NASDAQ200+NASDAQ500+SPX,Communication Services,Publishing,0.0,28.34,0.0,0.0,0.0,0.0,0.0,1.0,-5.375629202817056,1.241453785969342,2.7361619114830136,,44.95,35.0,30.0,65,53.48,50,0,0,0,mixed but monitorable setup,No major Prism warning from provided data
LLYVA,"Liberty Live Holdings, Inc. - Series A Liberty Live Group Common Stock",NASDAQ+NASDAQ200,,,0.0,98.279999,0.0,0.0,0.0,0.0,0.0,1.0,2.5352123638020307,0.034465636990169024,3.277443489362907,,44.91,35.0,30.0,65,53.32,50,0,0,0,mixed but monitorable setup,No major Prism warning from provided data
WBD,Warner Bros. Discovery,NASDAQ+NASDAQ200+NASDAQ500+SPX,Communication Services,Broadcasting,0.0,26.98,0.0,0.0,0.0,0.0,0.0,1.0,-0.07407407407407085,0.41920875001562785,2.0279585407179908,,44.9,35.0,30.0,65,53.26,50,0,0,0,mixed but monitorable setup,No major Prism warning from provided data
WMT,Walmart,NASDAQ+NASDAQ200+NASDAQ500+SPX,Consumer Staples,Consumer Staples Merchandise Retail,0.0,115.779999,0.0,0.0,0.0,0.0,0.0,1.0,-2.3530412414607293,0.13528105947208013,2.2906757471494337,,44.9,35.0,30.0,70,48.26,50,0,0,0,macro resilience,No major Prism warning from provided data
NWSA,News Corp (Class A),NASDAQ+NASDAQ200+NASDAQ500+SPX,Communication Services,Publishing,0.0,25.030001,0.0,0.0,0.0,0.0,0.0,1.0,-4.465648684517232,1.0604857375074976,3.236116816090304,,44.88,35.0,30.0,65,53.13,50,0,0,0,mixed but monitorable setup,No major Prism warning from provided data
PEP,PepsiCo,NASDAQ+NASDAQ200+NASDAQ500+SPX,Consumer Staples,Soft Drinks & Non-alcoholic Beverages,0.0,139.520004,0.0,0.0,0.0,0.0,0.0,1.0,-4.228438561223702,0.39808080719777417,2.056540477982539,,44.87,35.0,30.0,70,48.11,50,0,0,0,macro resilience,No major Prism warning from provided data
SNY,Sanofi - American Depositary Shares,NASDAQ+NASDAQ200+NASDAQ500,,,0.0,41.799999,0.0,0.0,0.0,0.0,0.0,1.0,-5.322769860803178,1.1652299258515062,2.2727256182811995,,44.84,35.0,30.0,65,52.93,50,0,0,0,mixed but monitorable setup,No major Prism warning from provided data
FER,Ferrovial N.V. - Ordinary Shares,NASDAQ+NASDAQ200+NASDAQ500,,,0.0,70.199997,0.0,0.0,0.0,0.0,0.0,1.0,1.1527305143305355,0.18290033531823924,2.221966720922468,,44.82,35.0,30.0,65,52.85,50,0,0,0,mixed but monitorable setup,No major Prism warning from provided data
BKR,Baker Hughes,NASDAQ+NASDAQ200+NASDAQ500+SPX,Energy,Oil & Gas Equipment & Services,0.0,56.939999,0.0,0.0,0.0,0.0,0.0,1.0,-14.671067825367846,0.3604768851577942,3.550102676628829,,44.81,35.0,44.0,65,35.28,50,0,0,0,mixed but monitorable setup,weak or volatile technical setup
FWONA,Liberty Media Corporation - Series A Liberty Formula One Common Stock,NASDAQ+NASDAQ200,,,0.0,82.959999,0.0,0.0,0.0,0.0,0.0,1.0,-1.6595566422527686,0.5715258357904853,2.737118351632161,,44.77,35.0,30.0,65,52.58,50,0,0,0,mixed but monitorable setup,No major Prism warning from provided data
CSX,CSX Corporation,NASDAQ+NASDAQ200+NASDAQ500+SPX,Industrials,Rail Transportation,0.0,47.439999,0.0,0.0,0.0,0.0,0.0,1.0,1.7807294189931433,0.05017458067310443,2.119971587689115,,44.76,35.0,30.0,65,52.54,50,0,0,0,mixed but monitorable setup,No major Prism warning from provided data
ODFL,Old Dominion,NASDAQ+NASDAQ200+NASDAQ500+SPX,Industrials,Cargo Ground Transportation,0.0,220.119995,0.0,0.0,0.0,0.0,0.0,1.0,1.6204210257124707,0.04328301342441376,4.533566436927146,,44.71,35.0,30.0,65,52.29,50,0,0,0,mixed but monitorable setup,No major Prism warning from provided data
WYNN,Wynn Resorts,NASDAQ+NASDAQ200+NASDAQ500+SPX,Consumer Discretionary,Casinos & Gaming,0.0,99.379997,0.0,0.0,0.0,0.0,0.0,1.0,1.5428568036316648,-0.03646648553593268,3.780215664814034,,44.56,35.0,30.0,65,51.56,50,0,0,0,mixed but monitorable setup,No major Prism warning from provided data
SBUX,Starbucks,NASDAQ+NASDAQ200+NASDAQ500+SPX,Consumer Discretionary,Restaurants,0.0,103.160004,0.0,0.0,0.0,0.0,0.0,1.0,1.715643891059826,-0.06243390984839392,2.3616216610460765,,44.56,35.0,30.0,65,51.56,50,0,0,0,mixed but monitorable setup,No major Prism warning from provided data
ALNY,"Alnylam Pharmaceuticals, Inc. - Common Stock",NASDAQ+NASDAQ200+NASDAQ500,,,0.0,293.170013,0.0,0.0,0.0,0.0,0.0,1.0,-0.7884896785110063,0.27348029277413577,3.367502031272598,,44.5,35.0,30.0,65,51.24,50,0,0,0,mixed but monitorable setup,No major Prism warning from provided data
CASY,Casey's,NASDAQ+NASDAQ200+NASDAQ500+SPX,Consumer Staples,Food Retail,0.0,784.710022,0.0,0.0,0.0,0.0,0.0,1.0,-3.0515995384208128,-0.025627115302008563,4.859574328937815,,44.48,35.0,30.0,70,46.13,50,0,0,0,macro resilience,No major Prism warning from provided data
HON,Honeywell,NASDAQ+NASDAQ200+NASDAQ500+SPX,Industrials,Industrial Conglomerates,0.0,231.240005,0.0,0.0,0.0,0.0,0.0,1.0,-0.20714482907325804,0.15604647732911348,3.1321820806914467,,44.45,35.0,30.0,65,51.0,50,0,0,0,mixed but monitorable setup,No major Prism warning from provided data
FWONK,Liberty Media Corporation - Series C Liberty Formula One Common Stock,NASDAQ+NASDAQ200+NASDAQ500,,,0.0,90.449997,0.0,0.0,0.0,0.0,0.0,1.0,-1.050220936430546,0.2820803747328411,2.5987522776179355,,44.45,35.0,30.0,65,51.0,50,0,0,0,mixed but monitorable setup,No major Prism warning from provided data
NTNX,"Nutanix, Inc. - Class A Common Stock",NASDAQ+NASDAQ200+NASDAQ500,,,0.0,46.939999,0.0,0.0,0.0,0.0,0.0,1.0,0.8378088257316563,-0.003361241838803819,4.212064122845119,,44.45,35.0,30.0,65,50.98,50,0,0,0,mixed but monitorable setup,No major Prism warning from provided data
CHRW,C.H. Robinson,NASDAQ+NASDAQ200+NASDAQ500+SPX,Industrials,Air Freight & Logistics,0.0,180.339996,0.0,0.0,0.0,0.0,0.0,1.0,1.3658546148984652,-0.13565365596963552,3.406660193750283,,44.36,35.0,30.0,65,50.55,50,0,0,0,mixed but monitorable setup,No major Prism warning from provided data
CRWD,CrowdStrike,NASDAQ+NASDAQ200+NASDAQ500+SPX,Information Technology,Systems Software,0.0,678.650024,0.0,0.0,0.0,0.0,0.0,1.0,1.0572609823350954,-0.09486665579869236,4.851816491752497,,44.35,35.0,30.0,65,50.51,50,0,0,0,mixed but monitorable setup,No major Prism warning from provided data
ADP,Automatic Data Processing,NASDAQ+NASDAQ200+NASDAQ500+SPX,Industrials,Human Resource & Employment Services,0.0,216.309998,0.0,0.0,0.0,0.0,0.0,1.0,-0.9342834641369313,0.1728996815404309,2.497737034129799,,44.3,35.0,30.0,65,50.26,50,0,0,0,mixed but monitorable setup,No major Prism warning from provided data
ECHO,ECHOSTAR CORP CLASS A,NASDAQ+NASDAQ200+NASDAQ500+RUSSELL2000+SPX,Communication,Wireless Telecommunication Services,0.0,97.190002,0.0,0.0,0.0,0.0,0.0,1.0,0.0,0.0,0.0,,44.25,35.0,30.0,65,50.0,50,0,0,0,mixed but monitorable setup,No major Prism warning from provided data
ORLY,O’Reilly Automotive,NASDAQ+NASDAQ200+NASDAQ500+SPX,Consumer Discretionary,Automotive Retail,0.0,86.900002,0.0,0.0,0.0,0.0,0.0,1.0,-3.304774564211377,0.4809582487954891,2.510685294838736,,44.23,35.0,30.0,65,49.88,50,0,0,0,mixed but monitorable setup,No major Prism warning from provided data
TRI,Thomson Reuters Corp - Common Shares,NASDAQ+NASDAQ200+NASDAQ500,,,0.0,81.010002,0.0,0.0,0.0,0.0,0.0,1.0,-3.236979177771382,0.4695951664248945,3.8795921062403425,,44.22,35.0,30.0,65,49.87,50,0,0,0,mixed but monitorable setup,No major Prism warning from provided data
COST,Costco,NASDAQ+NASDAQ200+NASDAQ500+SPX,Consumer Staples,Consumer Staples Merchandise Retail,0.0,942.23999,0.0,0.0,0.0,0.0,0.0,1.0,-6.05127012090464,0.20125801065871896,1.954498184692839,,44.12,35.0,30.0,70,44.35,50,0,0,0,macro resilience,weak or volatile technical setup
GILD,Gilead Sciences,NASDAQ+NASDAQ200+NASDAQ500+SPX,Health Care,Biotechnology,0.0,123.839996,0.0,0.0,0.0,0.0,0.0,1.0,-7.395498613489826,0.2968807790912875,2.8654482514679653,,43.95,35.0,30.0,70,43.5,50,0,0,0,macro resilience,weak or volatile technical setup
CDNS,Cadence Design Systems,NASDAQ+NASDAQ200+NASDAQ500+SPX,Information Technology,Application Software,0.0,368.230011,0.0,0.0,0.0,0.0,0.0,1.0,-3.5415819253438174,0.3304994666254193,4.588565064800528,,43.93,35.0,30.0,65,48.39,50,0,0,0,mixed but monitorable setup,No major Prism warning from provided data
CTAS,Cintas,NASDAQ+NASDAQ200+NASDAQ500+SPX,Industrials,Diversified Support Services,0.0,169.089996,0.0,0.0,0.0,0.0,0.0,1.0,-1.168975420398044,-0.04566244554629484,2.883500993332398,,43.9,35.0,30.0,65,48.23,50,0,0,0,mixed but monitorable setup,No major Prism warning from provided data
MELI,"MercadoLibre, Inc. - Common Stock",NASDAQ+NASDAQ200+NASDAQ500,,,0.0,1619.25,0.0,0.0,0.0,0.0,0.0,1.0,-1.7469259434661044,-0.08200407166108914,3.8477244138600333,,43.7,35.0,30.0,65,47.25,50,0,0,0,mixed but monitorable setup,No major Prism warning from provided data
FTAI,FTAI Aviation Ltd. - Common Stock,NASDAQ+NASDAQ200+NASDAQ500,,,0.0,268.399994,0.0,0.0,0.0,0.0,0.0,1.0,5.9236730175763475,-0.26765092213404074,6.321725870509096,,43.64,35.0,30.0,65,46.97,50,0,0,0,mixed but monitorable setup,No major Prism warning from provided data
BNTX,BioNTech SE - American Depositary Shares,NASDAQ+NASDAQ200+NASDAQ500,,,0.0,90.0,0.0,0.0,0.0,0.0,0.0,1.0,-2.4390243902439046,-0.05662846326223292,2.580079603174605,,43.57,35.0,30.0,65,46.62,50,0,0,0,mixed but monitorable setup,No major Prism warning from provided data
DDOG,Datadog,NASDAQ+NASDAQ200+NASDAQ500+SPX,Information Technology,Application Software,0.0,220.940002,0.0,0.0,0.0,0.0,0.0,1.0,-1.211711188331177,-0.26952342352127046,5.052819077746081,,43.53,35.0,30.0,65,46.39,50,0,0,0,mixed but monitorable setup,No major Prism warning from provided data
GRAB,Grab Holdings Limited - Class A Ordinary Shares,NASDAQ+NASDAQ200+NASDAQ500,,,0.0,3.46,0.0,0.0,0.0,0.0,0.0,1.0,-3.6211699164345412,0.06364585806661816,4.366226259289842,,43.48,35.0,30.0,65,46.16,50,0,0,0,mixed but monitorable setup,No major Prism warning from provided data
ARM,Arm Holdings plc - American Depositary Shares,NASDAQ+NASDAQ200+NASDAQ500,,,0.0,347.709991,0.0,0.0,0.0,0.0,0.0,1.0,8.24668137648128,0.2736139973778329,11.805136174120298,,43.47,35.0,30.0,65,46.08,50,0,0,0,mixed but monitorable setup,No major Prism warning from provided data
TMUS,T-Mobile US,NASDAQ+NASDAQ200+NASDAQ500+SPX,Communication Services,Wireless Telecommunication Services,0.0,181.570007,0.0,0.0,0.0,0.0,0.0,1.0,-4.991886322055961,0.25723561136887607,2.7218944811738632,,43.46,35.0,30.0,65,46.07,50,0,0,0,mixed but monitorable setup,No major Prism warning from provided data
HTHT,H World Group Limited - American Depositary Shares,NASDAQ+NASDAQ200+NASDAQ500,,,0.0,41.389999,0.0,0.0,0.0,0.0,0.0,1.0,-4.034319405649899,0.09401992731899877,3.0873572692213465,,43.43,35.0,30.0,65,45.91,50,0,0,0,mixed but monitorable setup,No major Prism warning from provided data
PYPL,PayPal,NASDAQ+NASDAQ200+NASDAQ500+SPX,Financials,Transaction & Payment Processing Services,0.0,42.380001,0.0,0.0,0.0,0.0,0.0,1.0,-4.030794836956519,0.055410538150831856,3.024674640420948,,43.37,35.0,30.0,65,45.61,50,0,0,0,mixed but monitorable setup,No major Prism warning from provided data
GEN,Gen Digital,NASDAQ+NASDAQ200+NASDAQ500+SPX,Information Technology,Systems Software,0.0,23.309999,0.0,0.0,0.0,0.0,0.0,1.0,-5.856223747980616,0.2820510049968572,4.049459020323668,,43.3,35.0,30.0,65,45.23,50,0,0,0,mixed but monitorable setup,No major Prism warning from provided data
RIVN,"Rivian Automotive, Inc. - Class A Common Stock",NASDAQ+NASDAQ200+NASDAQ500,,,0.0,14.86,0.0,0.0,0.0,0.0,0.0,1.0,3.2661570535093665,-0.08684321143927487,7.176022880215345,,43.29,35.0,30.0,65,45.22,50,0,0,0,mixed but monitorable setup,No major Prism warning from provided data
ULTA,Ulta Beauty,NASDAQ+NASDAQ200+NASDAQ500+SPX,Consumer Discretionary,Other Specialty Retail,0.0,485.519989,0.0,0.0,0.0,0.0,0.0,1.0,-5.914268332132977,0.2754454784930527,2.8271591629861503,,43.27,35.0,30.0,65,45.11,50,0,0,0,mixed but monitorable setup,No major Prism warning from provided data
EXE,Expand Energy,NASDAQ+NASDAQ200+NASDAQ500+SPX,Energy,Oil & Gas Exploration & Production,0.0,88.440002,0.0,0.0,0.0,0.0,0.0,1.0,-6.462190170422311,0.323503780270989,2.2243469646235448,,43.22,35.0,30.0,65,44.83,50,0,0,0,mixed but monitorable setup,weak or volatile technical setup
LITE,Lumentum,NASDAQ+NASDAQ200+NASDAQ500+SPX,Information Technology,Communications Equipment,0.0,861.969971,0.0,0.0,0.0,0.0,0.0,1.0,-5.3622629425725705,-0.0371675849386377,9.077835099133468,,43.2,35.0,44.0,65,27.27,50,0,0,0,mixed but monitorable setup,weak or volatile technical setup
DPZ,Domino's,NASDAQ+NASDAQ200+NASDAQ500+SPX,Consumer Discretionary,Restaurants,0.0,285.440002,0.0,0.0,0.0,0.0,0.0,1.0,-8.047165116251698,0.5374943044744265,3.400637763448445,,43.18,35.0,30.0,65,44.64,50,0,0,0,mixed but monitorable setup,weak or volatile technical setup
TRMB,Trimble Inc.,NASDAQ+NASDAQ200+NASDAQ500+SPX,Information Technology,Application Software,0.0,50.240002,0.0,0.0,0.0,0.0,0.0,1.0,-10.827117500887484,0.6946908333532011,3.5309082136239898,,42.76,35.0,30.0,65,42.56,50,0,0,0,mixed but monitorable setup,weak or volatile technical setup
CEG,Constellation Energy,NASDAQ+NASDAQ200+NASDAQ500+SPX,Utilities,Electric Utilities,0.0,268.690002,0.0,0.0,0.0,0.0,0.0,1.0,-10.902942678911698,0.051272099533490545,3.4408417570052676,,42.72,35.0,30.0,70,37.33,50,0,0,0,macro resilience,weak or volatile technical setup
CPRT,Copart,NASDAQ+NASDAQ200+NASDAQ500+SPX,Industrials,Diversified Support Services,0.0,30.049999,0.0,0.0,0.0,0.0,0.0,1.0,-9.596879687311688,0.47819709924243514,2.7703842138944115,,42.71,35.0,30.0,65,42.31,50,0,0,0,mixed but monitorable setup,weak or volatile technical setup
ROST,Ross Stores,NASDAQ+NASDAQ200+NASDAQ500+SPX,Consumer Discretionary,Apparel Retail,0.0,215.130005,0.0,0.0,0.0,0.0,0.0,1.0,-8.330487720783253,0.25939920118377735,3.028567274272795,,42.67,35.0,30.0,65,42.08,50,0,0,0,mixed but monitorable setup,weak or volatile technical setup
FANG,Diamondback Energy,NASDAQ+NASDAQ200+NASDAQ500+SPX,Energy,Oil & Gas Exploration & Production,0.0,182.550003,0.0,0.0,0.0,0.0,0.0,1.0,-6.4469849216679975,-0.04571687483301756,3.384073701087336,,42.63,35.0,30.0,65,41.9,50,0,0,0,mixed but monitorable setup,weak or volatile technical setup
CMCSA,Comcast,NASDAQ+NASDAQ200+NASDAQ500+SPX,Communication Services,Cable & Satellite,0.0,22.690001,0.0,0.0,0.0,0.0,0.0,1.0,-9.781308151093437,0.4368689263044905,2.693131846301562,,42.6,35.0,30.0,65,41.76,50,0,0,0,mixed but monitorable setup,weak or volatile technical setup
SSNC,"SS&C Technologies Holdings, Inc. - Common Stock",NASDAQ+NASDAQ200+NASDAQ500,,,0.0,63.02,0.0,0.0,0.0,0.0,0.0,1.0,-5.573865914709797,-0.19852994696485782,2.7360921702860774,,42.59,35.0,30.0,65,41.72,50,0,0,0,mixed but monitorable setup,weak or volatile technical setup
WDAY,"Workday, Inc.",NASDAQ+NASDAQ200+NASDAQ500+SPX,Information Technology,Application Software,0.0,113.769997,0.0,0.0,0.0,0.0,0.0,1.0,-8.26479620056756,0.16053652568946863,5.614084202332738,,42.52,35.0,30.0,65,41.37,50,0,0,0,mixed but monitorable setup,weak or volatile technical setup
CHKP,Check Point Software Technologies Ltd. - Ordinary Shares,NASDAQ+NASDAQ200+NASDAQ500,,,0.0,122.839996,0.0,0.0,0.0,0.0,0.0,1.0,-6.286241893710076,-0.16761277603922253,3.772909017120357,,42.47,35.0,30.0,65,41.12,50,0,0,0,mixed but monitorable setup,weak or volatile technical setup
TCOM,Trip.com Group Limited - American Depositary Shares,NASDAQ+NASDAQ200+NASDAQ500,,,0.0,40.490002,0.0,0.0,0.0,0.0,0.0,1.0,-14.487848552813043,1.0198450013642661,4.546095636857995,,42.4,35.0,30.0,65,40.77,50,0,0,0,mixed but monitorable setup,weak or volatile technical setup
EBAY,eBay Inc.,NASDAQ+NASDAQ200+NASDAQ500+SPX,Consumer Discretionary,Broadline Retail,0.0,108.0,0.0,0.0,0.0,0.0,0.0,1.0,-6.339431208731783,-0.23234125036398123,2.8290334656084664,,42.36,35.0,30.0,65,40.53,50,0,0,0,mixed but monitorable setup,weak or volatile technical setup
AAPL,Apple Inc.,NASDAQ+NASDAQ200+NASDAQ500+SPX,Information Technology,"Technology Hardware, Storage & Peripherals",0.0,275.149994,0.0,0.0,0.0,0.0,0.0,1.0,-10.761195601775842,0.3801134126566956,3.2538119917240462,,42.28,35.0,30.0,65,40.13,50,0,0,0,mixed but monitorable setup,weak or volatile technical setup
PSKY,Paramount Skydance Corporation,NASDAQ+NASDAQ200+NASDAQ500+SPX,Communication Services,Movies & Entertainment,0.0,9.43,0.0,0.0,0.0,0.0,0.0,1.0,-9.064609450337514,0.10075815511052988,4.836388425996063,,42.24,35.0,30.0,65,39.93,50,0,0,0,mixed but monitorable setup,weak or volatile technical setup
RGLD,"Royal Gold, Inc. - Common Stock",NASDAQ+NASDAQ200+NASDAQ500,,,0.0,204.619995,0.0,0.0,0.0,0.0,0.0,1.0,-9.440142634744097,0.15633223524159146,4.095046702128429,,42.23,35.0,30.0,65,39.92,50,0,0,0,mixed but monitorable setup,weak or volatile technical setup
GOOGL,Alphabet Inc. (Class A),NASDAQ+NASDAQ200+NASDAQ500+SPX,Communication Services,Interactive Media & Services,0.0,343.709991,0.0,0.0,0.0,0.0,0.0,1.0,-11.615411802928765,0.4324932426977519,3.5253976658478883,,42.15,35.0,30.0,65,39.52,50,0,0,0,mixed but monitorable setup,weak or volatile technical setup
GOOG,Alphabet Inc. (Class C),NASDAQ+NASDAQ200+NASDAQ500+SPX,Communication Services,Interactive Media & Services,0.0,342.190002,0.0,0.0,0.0,0.0,0.0,1.0,-11.082526359864108,0.2578755590012436,3.5461075928387737,,42.0,35.0,30.0,65,38.76,50,0,0,0,mixed but monitorable setup,weak or volatile technical setup
MTSI,"MACOM Technology Solutions Holdings, Inc. - Common Stock",NASDAQ+NASDAQ200+NASDAQ500,,,0.0,390.190002,0.0,0.0,0.0,0.0,0.0,1.0,-4.757369491558261,0.28311521304901377,6.213087932625045,,41.96,35.0,30.0,65,38.56,50,0,0,0,mixed but monitorable setup,weak or volatile technical setup
DKNG,DraftKings Inc. - Class A Common Stock,NASDAQ+NASDAQ200+NASDAQ500,,,0.0,23.1,0.0,0.0,0.0,0.0,0.0,1.0,-2.9819362865155963,-0.009845432083845473,6.546070500927648,,41.92,35.0,30.0,65,38.34,50,0,0,0,mixed but monitorable setup,weak or volatile technical setup
LULU,Lululemon Athletica,NASDAQ+NASDAQ200+NASDAQ500+SPX,Consumer Discretionary,"Apparel, Accessories & Luxury Goods",0.0,112.059998,0.0,0.0,0.0,0.0,0.0,1.0,-12.006282088830499,0.32307056232116116,5.1617759264996605,,41.89,35.0,30.0,65,38.18,50,0,0,0,mixed but monitorable setup,weak or volatile technical setup
DOCU,"DocuSign, Inc. - Common Stock",NASDAQ+NASDAQ200+NASDAQ500,,,0.0,42.459999,0.0,0.0,0.0,0.0,0.0,1.0,-13.90916666666666,0.43170304705468476,5.33426632575151,,41.6,35.0,30.0,65,36.76,50,0,0,0,mixed but monitorable setup,weak or volatile technical setup
AMZN,Amazon,NASDAQ+NASDAQ200+NASDAQ500+SPX,Consumer Discretionary,Broadline Retail,0.0,227.009995,0.0,0.0,0.0,0.0,0.0,1.0,-14.42949704148112,0.48707266415213035,3.7252923599245027,,41.57,35.0,30.0,65,36.58,50,0,0,0,mixed but monitorable setup,weak or volatile technical setup
META,Meta Platforms,NASDAQ+NASDAQ200+NASDAQ500+SPX,Communication Services,Interactive Media & Services,0.0,542.869995,0.0,0.0,0.0,0.0,0.0,1.0,-11.345009134932793,0.016448084013344966,3.7693191297906568,,41.55,35.0,30.0,65,36.52,50,0,0,0,mixed but monitorable setup,weak or volatile technical setup
CTSH,Cognizant,NASDAQ+NASDAQ200+NASDAQ500+SPX,Information Technology,IT Consulting & Other Services,0.0,39.150002,0.0,0.0,0.0,0.0,0.0,1.0,-24.435434772525866,1.975487184750241,5.893081618306358,,41.55,35.0,30.0,65,36.48,50,0,0,0,mixed but monitorable setup,weak or volatile technical setup
LOGI,Logitech International S.A. - Registered Shares,NASDAQ+NASDAQ200+NASDAQ500,,,0.0,100.849998,0.0,0.0,0.0,0.0,0.0,1.0,-9.437861804616897,-0.3006855556753836,3.257313472062309,,41.5,35.0,30.0,65,36.27,50,0,0,0,mixed but monitorable setup,weak or volatile technical setup
MDB,"MongoDB, Inc. - Class A Common Stock",NASDAQ+NASDAQ200+NASDAQ500,,,0.0,294.100006,0.0,0.0,0.0,0.0,0.0,1.0,-4.311045954559056,-0.13851432606400227,7.261645502021125,,41.39,35.0,30.0,65,35.72,50,0,0,0,mixed but monitorable setup,weak or volatile technical setup
MSFT,Microsoft,NASDAQ+NASDAQ200+NASDAQ500+SPX,Information Technology,Systems Software,0.0,352.829987,0.0,0.0,0.0,0.0,0.0,1.0,-15.19121509312119,0.38334201413928115,3.3881147166455907,,41.22,35.0,30.0,65,34.84,50,0,0,0,mixed but monitorable setup,weak or volatile technical setup
GFS,GlobalFoundries Inc. - Ordinary Share,NASDAQ+NASDAQ200+NASDAQ500,,,0.0,86.120003,0.0,0.0,0.0,0.0,0.0,1.0,-4.268559407164951,-0.31776788552345947,6.312205672224275,,41.12,35.0,30.0,65,34.34,50,0,0,0,mixed but monitorable setup,weak or volatile technical setup
CRWV,"CoreWeave, Inc. - Class A Common Stock",NASDAQ+NASDAQ200+NASDAQ500,,,0.0,98.760002,0.0,0.0,0.0,0.0,0.0,1.0,-6.7333998180508114,0.042452846856323445,8.892916414249799,,41.1,35.0,30.0,65,34.26,50,0,0,0,mixed but monitorable setup,weak or volatile technical setup
SNPS,Synopsys,NASDAQ+NASDAQ200+NASDAQ500+SPX,Information Technology,Application Software,0.0,455.019989,0.0,0.0,0.0,0.0,0.0,1.0,-14.879528826996136,0.24957673805009284,4.324613606621764,,41.08,35.0,30.0,65,34.14,50,0,0,0,mixed but monitorable setup,weak or volatile technical setup
FISV,Fiserv,NASDAQ+NASDAQ200+NASDAQ500+SPX,Financials,Transaction & Payment Processing Services,0.0,47.529999,0.0,0.0,0.0,0.0,0.0,1.0,-14.529764169578064,0.11705970777810037,4.73685802397886,,40.95,35.0,30.0,65,33.5,50,0,0,0,mixed but monitorable setup,weak or volatile technical setup
TSEM,Tower Semiconductor Ltd. - Ordinary Shares,NASDAQ+NASDAQ200+NASDAQ500,,,0.0,269.880005,0.0,0.0,0.0,0.0,0.0,1.0,-6.463797201205413,-0.13741955943192274,8.877002895098828,,40.88,35.0,30.0,65,33.14,50,0,0,0,mixed but monitorable setup,weak or volatile technical setup
FOX,Fox Corporation (Class B),NASDAQ+NASDAQ200+NASDAQ500+SPX,Communication Services,Broadcasting,0.0,44.389999,0.0,0.0,0.0,0.0,0.0,1.0,-23.57094099273619,1.426310691629141,5.812232132995285,,40.88,35.0,30.0,65,33.13,50,0,0,0,mixed but monitorable setup,weak or volatile technical setup
INTU,Intuit,NASDAQ+NASDAQ200+NASDAQ500+SPX,Information Technology,Application Software,0.0,255.070007,0.0,0.0,0.0,0.0,0.0,1.0,-16.19188369590504,0.3116565056970435,4.830603595259801,,40.86,35.0,30.0,65,33.06,50,0,0,0,mixed but monitorable setup,weak or volatile technical setup
ESLT,Elbit Systems Ltd. - Ordinary Shares,NASDAQ+NASDAQ200+NASDAQ500,,,0.0,732.710022,0.0,0.0,0.0,0.0,0.0,1.0,-14.042532911566497,-0.011591891112212371,4.561344772450005,,40.86,35.0,30.0,65,33.06,50,0,0,0,mixed but monitorable setup,weak or volatile technical setup
SMMT,Summit Therapeutics Inc.  - Common Stock,NASDAQ+NASDAQ200+NASDAQ500,,,0.0,14.18,0.0,0.0,0.0,0.0,0.0,1.0,-16.58823529411765,0.2634611214736926,5.98680233729599,,40.69,35.0,30.0,65,32.2,50,0,0,0,mixed but monitorable setup,weak or volatile technical setup
TSLA,"Tesla, Inc.",NASDAQ+NASDAQ200+NASDAQ500+SPX,Consumer Discretionary,Automobile Manufacturers,0.0,375.119995,0.0,0.0,0.0,0.0,0.0,1.0,-13.485089955811613,-0.21233505582398993,5.050688037646651,,40.67,35.0,30.0,65,32.12,50,0,0,0,mixed but monitorable setup,weak or volatile technical setup
ADSK,Autodesk,NASDAQ+NASDAQ200+NASDAQ500+SPX,Information Technology,Application Software,0.0,189.729996,0.0,0.0,0.0,0.0,0.0,1.0,-20.358477443789237,0.8111404115952727,4.487955158580799,,40.66,35.0,30.0,65,32.06,50,0,0,0,mixed but monitorable setup,weak or volatile technical setup
VRSN,Verisign,NASDAQ+NASDAQ200+NASDAQ500+SPX,Information Technology,Internet Services & Infrastructure,0.0,250.850006,0.0,0.0,0.0,0.0,0.0,1.0,-18.25261739486821,0.48549737576048635,3.4499839147473876,,40.65,35.0,30.0,65,31.98,50,0,0,0,mixed but monitorable setup,weak or volatile technical setup
JD,"JD.com, Inc. - American Depositary Shares",NASDAQ+NASDAQ200+NASDAQ500,,,0.0,25.190001,0.0,0.0,0.0,0.0,0.0,1.0,-16.00533177725909,0.1411359365035434,2.733511205497768,,40.63,35.0,30.0,65,31.92,50,0,0,0,mixed but monitorable setup,weak or volatile technical setup
NFLX,Netflix,NASDAQ+NASDAQ200+NASDAQ500+SPX,Communication Services,Movies & Entertainment,0.0,70.900002,0.0,0.0,0.0,0.0,0.0,1.0,-19.137771441605842,0.5534193886525081,3.1996784307969017,,40.54,35.0,30.0,65,31.46,50,0,0,0,mixed but monitorable setup,weak or volatile technical setup
ZG,"Zillow Group, Inc. - Class A Common Stock",NASDAQ+NASDAQ200,,,0.0,29.139999,0.0,0.0,0.0,0.0,0.0,1.0,-19.524993635045394,0.5255393790634246,5.847387934756915,,40.4,35.0,30.0,65,30.77,50,0,0,0,mixed but monitorable setup,weak or volatile technical setup
ADBE,Adobe Inc.,NASDAQ+NASDAQ200+NASDAQ500+SPX,Information Technology,Application Software,0.0,193.410004,0.0,0.0,0.0,0.0,0.0,1.0,-19.576697584583613,0.4506816652128012,5.131549525668352,,40.27,35.0,30.0,65,30.11,50,0,0,0,mixed but monitorable setup,weak or volatile technical setup
ZM,"Zoom Communications, Inc. - Class A Common Stock",NASDAQ+NASDAQ200+NASDAQ500,,,0.0,82.879997,0.0,0.0,0.0,0.0,0.0,1.0,-17.194524615626918,0.029932424561319282,4.72865192240363,,40.17,35.0,30.0,65,29.61,50,0,0,0,mixed but monitorable setup,weak or volatile technical setup
Z,"Zillow Group, Inc. - Class C Capital Stock",NASDAQ+NASDAQ200+NASDAQ500,,,0.0,29.41,0.0,0.0,0.0,0.0,0.0,1.0,-17.71125250636527,0.044685405537597145,5.692913003351629,,40.07,35.0,30.0,65,29.1,50,0,0,0,mixed but monitorable setup,weak or volatile technical setup
PTC,PTC Inc.,NASDAQ+NASDAQ200+NASDAQ500+SPX,Information Technology,Application Software,0.0,112.550003,0.0,0.0,0.0,0.0,0.0,1.0,-22.315019936671042,0.6921231570090378,4.893698416237016,,40.0,35.0,30.0,65,28.76,50,0,0,0,mixed but monitorable setup,weak or volatile technical setup
APP,AppLovin,NASDAQ+NASDAQ200+NASDAQ500+SPX,Information Technology,Application Software,0.0,445.929993,0.0,0.0,0.0,0.0,0.0,1.0,-13.283680446555701,0.33108163240332034,7.176238167308663,,39.99,35.0,30.0,65,28.71,50,0,0,0,mixed but monitorable setup,weak or volatile technical setup
BIDU,"Baidu, Inc. - American Depositary Shares, each representing 8 ordinary share",NASDAQ+NASDAQ200+NASDAQ500,,,0.0,103.989998,0.0,0.0,0.0,0.0,0.0,1.0,-18.00836051394211,-0.15132733100495133,4.54370628166429,,39.69,35.0,30.0,65,27.18,50,0,0,0,mixed but monitorable setup,weak or volatile technical setup
NXT,NEXTPOWER INC CLASS A,NASDAQ+NASDAQ200+NASDAQ500+RUSSELL2000,Industrials,,0.0,113.18,0.0,0.0,0.0,0.0,0.0,1.0,-13.74133529312287,0.1185832530744515,8.358424254663872,,39.54,35.0,30.0,65,26.46,50,0,0,0,mixed but monitorable setup,weak or volatile technical setup
PLTR,Palantir Technologies,NASDAQ+NASDAQ200+NASDAQ500+SPX,Information Technology,Application Software,0.0,107.269997,0.0,0.0,0.0,0.0,0.0,1.0,-21.471455133025398,0.17198823594649681,5.674933504472832,,39.37,35.0,30.0,65,25.61,50,0,0,0,mixed but monitorable setup,weak or volatile technical setup
TTD,Trade Desk (The),NASDAQ+NASDAQ200+NASDAQ500+SPX,Communication Services,Advertising,0.0,17.33,0.0,0.0,0.0,0.0,0.0,1.0,-21.866546438232646,0.22789557513486347,5.910476053087131,,39.37,35.0,30.0,65,25.58,50,0,0,0,mixed but monitorable setup,weak or volatile technical setup
TEAM,Atlassian Corporation  - Class A Common Stock,NASDAQ+NASDAQ200+NASDAQ500,,,0.0,74.68,0.0,0.0,0.0,0.0,0.0,1.0,-12.058405842166886,-0.2629271436026027,7.114929891345934,,39.34,35.0,30.0,65,25.43,50,0,0,0,mixed but monitorable setup,weak or volatile technical setup
FOXA,Fox Corporation (Class A),NASDAQ+NASDAQ200+NASDAQ500+SPX,Communication Services,Broadcasting,0.0,48.860001,0.0,0.0,0.0,0.0,0.0,1.0,-24.784480061337444,1.5662886264778222,6.20285321495827,,39.21,35.0,30.0,65,24.79,50,0,0,0,mixed but monitorable setup,weak or volatile technical setup
SYM,Symbotic Inc. - Class A Common Stock,NASDAQ+NASDAQ200+NASDAQ500,,,0.0,40.77,0.0,0.0,0.0,0.0,0.0,1.0,-22.886323489433014,0.25731013929644053,5.743017975402083,,39.17,35.0,30.0,65,24.59,50,0,0,0,mixed but monitorable setup,weak or volatile technical setup
PDD,PDD Holdings Inc. - American Depositary Shares,NASDAQ+NASDAQ200+NASDAQ500,,,0.0,73.300003,0.0,0.0,0.0,0.0,0.0,1.0,-24.151486177064218,0.17158094907280175,2.9701809347616437,,38.73,35.0,30.0,65,22.39,50,0,0,0,mixed but monitorable setup,weak or volatile technical setup
KTOS,KRATOS DEFENSE AND SECURITY SOLUTI,NASDAQ+NASDAQ200+NASDAQ500+RUSSELL2000,Industrials,,0.0,46.32,0.0,0.0,0.0,0.0,0.0,1.0,-18.45070278962505,0.09673130919434714,7.557365531704913,,38.38,35.0,30.0,65,20.63,50,0,0,0,mixed but monitorable setup,weak or volatile technical setup
SMCI,Supermicro,NASDAQ+NASDAQ200+NASDAQ500+SPX,Information Technology,"Technology Hardware, Storage & Peripherals",0.0,31.68,0.0,0.0,0.0,0.0,0.0,1.0,-14.609159817205375,0.4271990338872842,12.542973935786442,,38.23,35.0,30.0,65,19.89,50,0,0,0,mixed but monitorable setup,weak or volatile technical setup
AVAV,AEROVIRONMENT INC,NASDAQ+NASDAQ200+NASDAQ500+RUSSELL2000,Industrials,,0.0,136.679993,0.0,0.0,0.0,0.0,0.0,1.0,-25.008231784490064,0.25954345512529486,7.769452925188338,,37.06,35.0,30.0,65,14.07,50,0,0,0,mixed but monitorable setup,weak or volatile technical setup
AKAM,Akamai Technologies,NASDAQ+NASDAQ200+NASDAQ500+SPX,Information Technology,Internet Services & Infrastructure,0.0,112.889999,0.0,0.0,0.0,0.0,0.0,1.0,-23.83105480860006,-0.10731183929609278,6.142515334772923,,36.76,35.0,30.0,65,12.54,50,0,0,0,mixed but monitorable setup,weak or volatile technical setup
IREN,IREN Limited - Ordinary Shares,NASDAQ+NASDAQ200+NASDAQ500,,,0.0,47.740002,0.0,0.0,0.0,0.0,0.0,1.0,-20.140510540992153,-0.1955215736462783,11.628463065418385,,35.9,35.0,30.0,65,8.27,50,0,0,0,mixed but monitorable setup,weak or volatile technical setup
MSTR,Strategy Inc - Class A Common Stock,NASDAQ+NASDAQ200+NASDAQ500,,,0.0,85.330002,0.0,0.0,0.0,0.0,0.0,1.0,-46.64540377989012,0.7173804846764014,11.891647441892712,,34.25,35.0,30.0,65,0.0,50,0,0,0,mixed but monitorable setup,weak or volatile technical setup
RKLB,Rocket Lab Corporation - Common Stock,NASDAQ+NASDAQ200+NASDAQ500,,,0.0,80.690002,0.0,0.0,0.0,0.0,0.0,1.0,-43.65223205975346,0.2558426264532785,12.284845843903755,,34.25,35.0,30.0,65,0.0,50,0,0,0,mixed but monitorable setup,weak or volatile technical setup
