buy_date,latest_date,strategy,universe,ticker,name,sector,original_rank,current_rank,return,buy_close,latest_close,selection_reason,signal_reason
2026-06-22,2026-06-26,Early,S&P 500,ROK,Rockwell Automation,Industrials,1,5,-0.00276100,478.079987,476.760010,当日前50,
2026-06-22,2026-06-26,Early,S&P 500,GLW,Corning Inc.,Information Technology,2,31,0.06278894,209.830002,223.005005,当日前50,
2026-06-22,2026-06-26,Early,S&P 500,IP,International Paper,Materials,3,150,0.05082678,36.889999,38.764999,当日前50,
2026-06-22,2026-06-26,Early,S&P 500,ANET,Arista Networks,Information Technology,4,317,-0.09721587,174.559998,157.589996,当日前50,
2026-06-22,2026-06-26,Early,S&P 500,VST,Vistra Corp.,Utilities,5,113,-0.02265930,167.259995,163.470001,当日前50,
2026-06-22,2026-06-26,Early,S&P 500,BIIB,Biogen,Health Care,6,226,0.08171845,199.710007,216.029999,当日前50,
2026-06-22,2026-06-26,Early,S&P 500,COHR,Coherent Corp.,Information Technology,7,380,-0.10717309,425.480011,379.880005,当日前50,
2026-06-22,2026-06-26,Early,S&P 500,IRM,Iron Mountain,Real Estate,8,85,0.00364019,131.860001,132.339996,当日前50,
2026-06-22,2026-06-26,Early,S&P 500,NCLH,Norwegian Cruise Line Holdings,Consumer Discretionary,9,148,0.05963074,20.040001,21.235001,当日前50,
2026-06-22,2026-06-26,Early,S&P 500,BNY,BNY Mellon,Financials,10,313,-0.02058863,146.440002,143.425003,当日前50,
2026-06-22,2026-06-26,Early,S&P 500,UAL,United Airlines Holdings,Industrials,11,230,0.14686553,118.680000,136.110001,当日前50,连续至少3个快照收益为正
2026-06-22,2026-06-26,Early,S&P 500,GPC,Genuine Parts Company,Consumer Discretionary,12,164,0.10360574,105.110001,116.000000,当日前50,连续至少3个快照收益为正
2026-06-22,2026-06-26,Early,S&P 500,PWR,Quanta Services,Industrials,13,421,-0.07105416,740.140015,687.549988,当日前50,
2026-06-22,2026-06-26,Early,S&P 500,MRNA,Moderna,Health Care,14,80,0.13354109,59.345001,67.269997,当日前50,
2026-06-22,2026-06-26,Early,S&P 500,RCL,Royal Caribbean Group,Consumer Discretionary,15,35,0.02863983,309.359985,318.220001,当日前50,连续至少3个快照收益为正
2026-06-22,2026-06-26,Early,S&P 500,CCL,Carnival Corporation,Consumer Discretionary,16,304,-0.03792650,30.190001,29.045000,当日前50,
2026-06-22,2026-06-26,Early,S&P 500,PCAR,Paccar,Industrials,17,59,0.00466198,120.120003,120.680000,当日前50,
2026-06-22,2026-06-26,Early,S&P 500,ETN,Eaton Corporation,Industrials,18,255,-0.07640781,435.779999,402.483002,当日前50,
2026-06-22,2026-06-26,Early,S&P 500,TECH,Bio-Techne,Health Care,19,136,0.27674876,55.610001,71.000000,当日前50,连续至少3个快照收益为正
2026-06-22,2026-06-26,Early,S&P 500,SWK,Stanley Black & Decker,Industrials,20,169,0.06580929,86.309998,91.989998,当日前50,
2026-06-22,2026-06-26,Early,S&P 500,ECL,Ecolab,Materials,21,224,0.05262872,269.339996,283.515015,当日前50,
2026-06-22,2026-06-26,Early,S&P 500,DD,DuPont,Materials,22,478,1.82299224,48.189999,136.039993,当日前50,
2026-06-22,2026-06-26,Early,S&P 500,MRVL,Marvell Technology,Information Technology,23,259,-0.13346975,307.859985,266.769989,当日前50,
2026-06-22,2026-06-26,Early,S&P 500,COF,Capital One,Financials,24,70,0.01639267,200.699997,203.990005,当日前50,
2026-06-22,2026-06-26,Early,S&P 500,ADI,Analog Devices,Information Technology,25,320,-0.13147617,445.480011,386.910004,当日前50,
2026-06-22,2026-06-26,Early,S&P 500,GNRC,Generac,Industrials,26,238,-0.05775870,295.540009,278.470001,当日前50,
2026-06-22,2026-06-26,Early,S&P 500,FIX,Comfort Systems USA,Industrials,27,266,-0.10297799,2066.510010,1853.704956,当日前50,
2026-06-22,2026-06-26,Early,S&P 500,BKNG,Booking Holdings,Consumer Discretionary,28,24,0.08159983,167.770004,181.460007,当日前50,
2026-06-22,2026-06-26,Early,S&P 500,EMR,Emerson Electric,Industrials,29,316,-0.04533661,150.210007,143.399994,当日前50,
2026-06-22,2026-06-26,Early,S&P 500,AMCR,Amcor,Materials,30,231,0.05776792,40.680000,43.029999,当日前50,
2026-06-22,2026-06-26,Early,S&P 500,AMGN,Amgen,Health Care,31,79,0.03948128,344.720001,358.329987,当日前50,连续至少3个快照收益为正
2026-06-22,2026-06-26,Early,S&P 500,RTX,RTX Corporation,Industrials,32,45,0.03261284,181.830002,187.759995,当日前50,
2026-06-22,2026-06-26,Early,S&P 500,AEE,Ameren,Utilities,33,253,0.06326347,109.699997,116.639999,当日前50,连续至少3个快照收益为正
2026-06-22,2026-06-26,Early,S&P 500,HPE,Hewlett Packard Enterprise,Information Technology,34,288,-0.09772735,48.400002,43.669998,当日前50,
2026-06-22,2026-06-26,Early,S&P 500,WFC,Wells Fargo,Financials,35,64,0.00047711,83.839996,83.879997,当日前50,连续至少3个快照收益为正
2026-06-22,2026-06-26,Early,S&P 500,NVR,"NVR, Inc.",Consumer Discretionary,36,146,0.07244807,6352.549805,6812.779785,当日前50,连续至少3个快照收益为正
2026-06-22,2026-06-26,Early,S&P 500,COO,Cooper Companies (The),Health Care,37,135,0.08560072,65.419998,71.019997,当日前50,连续至少3个快照收益为正
2026-06-22,2026-06-26,Early,S&P 500,ITW,Illinois Tool Works,Industrials,38,74,0.00866906,265.309998,267.609985,当日前50,
2026-06-22,2026-06-26,Early,S&P 500,VRTX,Vertex Pharmaceuticals,Health Care,39,180,0.05259321,466.790009,491.339996,当日前50,连续至少3个快照收益为正
2026-06-22,2026-06-26,Early,S&P 500,CMS,CMS Energy,Utilities,40,199,0.06775067,73.800003,78.800003,当日前50,连续至少3个快照收益为正
2026-06-22,2026-06-26,Early,S&P 500,HD,Home Depot (The),Consumer Discretionary,41,152,0.06576453,326.619995,348.100006,当日前50,
2026-06-22,2026-06-26,Early,S&P 500,GWW,W. W. Grainger,Industrials,42,44,0.00843878,1341.420044,1352.739990,当日前50,
2026-06-22,2026-06-26,Early,S&P 500,BLK,BlackRock,Financials,43,429,-0.08380400,1051.739990,963.599976,当日前50,
2026-06-22,2026-06-26,Early,S&P 500,MLM,Martin Marietta Materials,Materials,44,39,0.00982979,609.880005,615.875000,当日前50,连续至少3个快照排名改善
2026-06-22,2026-06-26,Early,S&P 500,CRH,CRH plc,Materials,45,41,0.00912359,111.250000,112.264999,当日前50,
2026-06-22,2026-06-26,Early,S&P 500,PPG,PPG Industries,Materials,46,171,0.03683153,118.919998,123.300003,当日前50,
2026-06-22,2026-06-26,Early,S&P 500,ZBH,Zimmer Biomet,Health Care,47,163,0.06877950,87.089996,93.080002,当日前50,连续至少3个快照收益为正
2026-06-22,2026-06-26,Early,S&P 500,IR,Ingersoll Rand,Industrials,48,125,0.04546039,77.870003,81.410004,当日前50,
2026-06-22,2026-06-26,Early,S&P 500,FCX,Freeport-McMoRan,Materials,49,401,-0.09940756,69.209999,62.330002,当日前50,
2026-06-22,2026-06-26,Early,S&P 500,BX,Blackstone Inc.,Financials,50,410,-0.06417332,123.260002,115.349998,当日前50,
2026-06-22,2026-06-26,Early,S&P 500,AJG,Arthur J. Gallagher & Co.,Financials,54,50,0.08011287,209.080002,225.830002,加粗信号,连续至少3个快照排名改善
2026-06-22,2026-06-26,Early,S&P 500,SPG,Simon Property Group,Real Estate,58,262,0.05702095,214.570007,226.804993,加粗信号,连续至少3个快照收益为正
2026-06-22,2026-06-26,Early,S&P 500,PNC,PNC Financial Services,Financials,59,221,0.04486386,234.710007,245.240005,加粗信号,连续至少3个快照收益为正
2026-06-22,2026-06-26,Early,S&P 500,DASH,DoorDash,Consumer Discretionary,60,22,0.06398183,172.080002,183.089996,加粗信号,连续至少3个快照排名改善
2026-06-22,2026-06-26,Early,S&P 500,PEG,Public Service Enterprise Group,Utilities,62,229,0.03547947,80.610001,83.470001,加粗信号,连续至少3个快照收益为正
2026-06-22,2026-06-26,Early,S&P 500,TDG,TransDigm Group,Industrials,67,77,0.02200167,1295.900024,1324.411987,加粗信号,连续至少3个快照收益为正
2026-06-22,2026-06-26,Early,S&P 500,FITB,Fifth Third Bancorp,Financials,68,223,0.05073682,53.610001,56.330002,加粗信号,连续至少3个快照收益为正
2026-06-22,2026-06-26,Early,S&P 500,ES,Eversource Energy,Utilities,69,204,0.04777521,70.120003,73.470001,加粗信号,连续至少3个快照收益为正
2026-06-22,2026-06-26,Early,S&P 500,MTB,M&T Bank,Financials,72,239,0.04197952,227.729996,237.289993,加粗信号,连续至少3个快照收益为正
2026-06-22,2026-06-26,Early,S&P 500,DHI,D. R. Horton,Consumer Discretionary,73,173,0.06617925,155.940002,166.259995,加粗信号,连续至少3个快照收益为正
2026-06-22,2026-06-26,Early,S&P 500,USB,U.S. Bancorp,Financials,78,193,0.03808795,58.680000,60.915001,加粗信号,连续至少3个快照收益为正
2026-06-22,2026-06-26,Early,S&P 500,PHM,PulteGroup,Consumer Discretionary,83,196,0.09504852,125.620003,137.559998,加粗信号,连续至少3个快照收益为正
2026-06-22,2026-06-26,Early,S&P 500,HWM,Howmet Aerospace,Industrials,86,172,-0.04223140,280.359985,268.519989,加粗信号,连续至少3个快照排名改善
2026-06-22,2026-06-26,Early,S&P 500,DG,Dollar General,Consumer Staples,87,14,0.06304467,112.459999,119.550003,加粗信号,连续至少3个快照排名改善
2026-06-22,2026-06-26,Early,S&P 500,HBAN,Huntington Bancshares,Financials,89,177,0.04340188,17.049999,17.790001,加粗信号,连续至少3个快照收益为正
2026-06-22,2026-06-26,Early,S&P 500,LII,Lennox International,Industrials,96,55,0.05202973,536.039978,563.929993,加粗信号,连续至少3个快照排名改善
2026-06-22,2026-06-26,Early,S&P 500,KEY,KeyCorp,Financials,97,188,0.01931669,22.830000,23.271000,加粗信号,连续至少3个快照收益为正
2026-06-22,2026-06-26,Early,S&P 500,CNP,CenterPoint Energy,Utilities,98,155,0.04371526,43.119999,45.005001,加粗信号,连续至少3个快照收益为正；连续至少3个快照排名改善
2026-06-22,2026-06-26,Early,S&P 500,EIX,Edison International,Utilities,99,227,0.04785322,72.199997,75.654999,加粗信号,连续至少3个快照收益为正
2026-06-22,2026-06-26,Early,S&P 500,D,Dominion Energy,Utilities,102,109,0.01998826,68.040001,69.400002,加粗信号,连续至少3个快照收益为正
2026-06-22,2026-06-26,Early,S&P 500,DE,Deere & Company,Industrials,103,23,0.02454101,598.590027,613.280029,加粗信号,连续至少3个快照排名改善
2026-06-22,2026-06-26,Early,S&P 500,DTE,DTE Energy,Utilities,104,254,0.05288428,146.830002,154.595001,加粗信号,连续至少3个快照收益为正
2026-06-22,2026-06-26,Early,S&P 500,RF,Regions Financial Corporation,Financials,106,195,0.04504348,28.750000,30.045000,加粗信号,连续至少3个快照收益为正；连续至少3个快照排名改善
2026-06-22,2026-06-26,Early,S&P 500,BALL,Ball Corporation,Materials,108,154,0.06168385,58.200001,61.790001,加粗信号,连续至少3个快照收益为正
2026-06-22,2026-06-26,Early,S&P 500,SYF,Synchrony Financial,Financials,110,192,0.03843619,75.709999,78.620003,加粗信号,连续至少3个快照排名改善
2026-06-22,2026-06-26,Early,S&P 500,LNT,Alliant Energy,Utilities,111,256,0.05518373,73.209999,77.250000,加粗信号,连续至少3个快照收益为正
2026-06-22,2026-06-26,Early,S&P 500,SHW,Sherwin-Williams,Materials,117,158,0.08578415,316.899994,344.084991,加粗信号,连续至少3个快照收益为正
2026-06-22,2026-06-26,Early,S&P 500,WEC,WEC Energy Group,Utilities,119,233,0.05086695,113.040001,118.790001,加粗信号,连续至少3个快照收益为正；连续至少3个快照排名改善
2026-06-22,2026-06-26,Early,S&P 500,SO,Southern Company,Utilities,123,89,0.03863856,93.430000,97.040001,加粗信号,连续至少3个快照收益为正；连续至少3个快照排名改善
2026-06-22,2026-06-26,Early,S&P 500,EVRG,Evergy,Utilities,124,235,0.04756756,83.250000,87.209999,加粗信号,连续至少3个快照收益为正
2026-06-22,2026-06-26,Early,Nasdaq 200,ARM,Arm Holdings plc - American Depositary Shares,,1,118,-0.18014817,407.720001,334.269989,当日前50,
2026-06-22,2026-06-26,Early,Nasdaq 200,BIIB,Biogen,Health Care,2,62,0.08171845,199.710007,216.029999,当日前50,
2026-06-22,2026-06-26,Early,Nasdaq 200,UAL,United Airlines Holdings,Industrials,3,63,0.14686553,118.680000,136.110001,当日前50,连续至少3个快照收益为正
2026-06-22,2026-06-26,Early,Nasdaq 200,PCAR,Paccar,Industrials,4,15,0.00466198,120.120003,120.680000,当日前50,
2026-06-22,2026-06-26,Early,Nasdaq 200,MEDP,"Medpace Holdings, Inc. - Common Stock",,5,50,0.15671773,455.660004,527.070007,当日前50,连续至少3个快照收益为正
2026-06-22,2026-06-26,Early,Nasdaq 200,MRVL,Marvell Technology,Information Technology,6,74,-0.13346975,307.859985,266.769989,当日前50,
2026-06-22,2026-06-26,Early,Nasdaq 200,ADI,Analog Devices,Information Technology,7,96,-0.13147617,445.480011,386.910004,当日前50,
2026-06-22,2026-06-26,Early,Nasdaq 200,BKNG,Booking Holdings,Consumer Discretionary,8,5,0.08159983,167.770004,181.460007,当日前50,
2026-06-22,2026-06-26,Early,Nasdaq 200,ARGX,argenx SE - American Depositary Shares,,9,42,-0.01833472,903.750000,887.179993,当日前50,
2026-06-22,2026-06-26,Early,Nasdaq 200,AMGN,Amgen,Health Care,10,18,0.03948128,344.720001,358.329987,当日前50,连续至少3个快照收益为正
2026-06-22,2026-06-26,Early,Nasdaq 200,NTRA,"Natera, Inc. - Common Stock",,11,31,0.14471154,228.800003,261.910004,当日前50,连续至少3个快照收益为正
2026-06-22,2026-06-26,Early,Nasdaq 200,COO,Cooper Companies (The),Health Care,12,39,0.08560072,65.419998,71.019997,当日前50,连续至少3个快照收益为正
2026-06-22,2026-06-26,Early,Nasdaq 200,VRTX,Vertex Pharmaceuticals,Health Care,13,55,0.05259321,466.790009,491.339996,当日前50,连续至少3个快照收益为正
2026-06-22,2026-06-26,Early,Nasdaq 200,FTAI,FTAI Aviation Ltd. - Common Stock,,14,75,-0.04399927,272.049988,260.079987,当日前50,
2026-06-22,2026-06-26,Early,Nasdaq 200,MCHP,Microchip Technology,Information Technology,15,130,-0.14390029,102.709999,87.930000,当日前50,
2026-06-22,2026-06-26,Early,Nasdaq 200,DASH,DoorDash,Consumer Discretionary,16,4,0.06398183,172.080002,183.089996,当日前50,连续至少3个快照排名改善
2026-06-22,2026-06-26,Early,Nasdaq 200,ROST,Ross Stores,Consumer Discretionary,17,146,-0.10005488,236.970001,213.259995,当日前50,
2026-06-22,2026-06-26,Early,Nasdaq 200,NDSN,Nordson Corporation,Industrials,18,25,0.02172441,295.059998,301.470001,当日前50,
2026-06-22,2026-06-26,Early,Nasdaq 200,RYAAY,"Ryanair Holdings plc - American Depositary Shares, each representing five Ordinary Shares",,19,66,0.02789283,62.740002,64.489998,当日前50,
2026-06-22,2026-06-26,Early,Nasdaq 200,EXPE,Expedia Group,Consumer Discretionary,20,43,0.10410883,238.020004,262.799988,当日前50,
2026-06-22,2026-06-26,Early,Nasdaq 200,TTWO,Take-Two Interactive,Communication Services,21,10,-0.00434114,239.570007,238.529999,当日前50,
2026-06-22,2026-06-26,Early,Nasdaq 200,GFS,GlobalFoundries Inc. - Ordinary Share,,22,128,-0.11029329,89.669998,79.779999,当日前50,
2026-06-22,2026-06-26,Early,Nasdaq 200,NBIS,Nebius Group N.V. - Class A Ordinary Shares,,23,100,-0.15270965,283.609985,240.300003,当日前50,
2026-06-22,2026-06-26,Early,Nasdaq 200,LECO,"Lincoln Electric Holdings, Inc. - Common Shares",,24,67,-0.02980892,274.750000,266.559998,当日前50,
2026-06-22,2026-06-26,Early,Nasdaq 200,HON,Honeywell,Industrials,25,22,0.01797381,228.110001,232.210007,当日前50,
2026-06-22,2026-06-26,Early,Nasdaq 200,STX,Seagate Technology,Information Technology,26,125,-0.17745239,1094.040039,899.900024,当日前50,
2026-06-22,2026-06-26,Early,Nasdaq 200,TEM,"Tempus AI, Inc. - Class A Common Stock",,27,2,0.17324977,47.849998,56.139999,当日前50,连续至少3个快照收益为正
2026-06-22,2026-06-26,Early,Nasdaq 200,CRDO,CREDO TECHNOLOGY GROUP HOLDING LTD,Information Technology,28,124,-0.21327513,302.519989,238.000000,当日前50,
2026-06-22,2026-06-26,Early,Nasdaq 200,LNT,Alliant Energy,Utilities,29,71,0.05518373,73.209999,77.250000,当日前50,连续至少3个快照收益为正
2026-06-22,2026-06-26,Early,Nasdaq 200,ABNB,Airbnb,Consumer Discretionary,30,14,0.04576475,139.190002,145.559998,当日前50,
2026-06-22,2026-06-26,Early,Nasdaq 200,LIN,Linde plc,Materials,31,28,0.00563173,516.710022,519.619995,当日前50,
2026-06-22,2026-06-26,Early,Nasdaq 200,EVRG,Evergy,Utilities,32,64,0.04756756,83.250000,87.209999,当日前50,连续至少3个快照收益为正
2026-06-22,2026-06-26,Early,Nasdaq 200,FLEX,Flex Ltd.,Information Technology,33,121,-0.05846865,155.809998,146.699997,当日前50,
2026-06-22,2026-06-26,Early,Nasdaq 200,WDC,Western Digital,Information Technology,34,101,-0.19951678,732.619995,586.450012,当日前50,
2026-06-22,2026-06-26,Early,Nasdaq 200,EXC,Exelon,Utilities,35,12,0.03178065,45.939999,47.400002,当日前50,连续至少3个快照排名改善
2026-06-22,2026-06-26,Early,Nasdaq 200,TER,Teradyne,Information Technology,36,7,-0.04407005,457.000000,436.859985,当日前50,
2026-06-22,2026-06-26,Early,Nasdaq 200,MU,Micron Technology,Information Technology,37,11,-0.06525619,1211.380005,1132.329956,当日前50,
2026-06-22,2026-06-26,Early,Nasdaq 200,KLAC,KLA Corporation,Information Technology,38,33,-0.07623720,269.160004,248.639999,当日前50,
2026-06-22,2026-06-26,Early,Nasdaq 200,LRCX,Lam Research,Information Technology,39,41,-0.07435174,409.540009,379.089996,当日前50,
2026-06-22,2026-06-26,Early,Nasdaq 200,ALAB,"Astera Labs, Inc. - Common Stock",,40,88,-0.10899334,439.660004,391.739990,当日前50,
2026-06-22,2026-06-26,Early,Nasdaq 200,AFRM,"Affirm Holdings, Inc. - Class A Common Stock",,41,49,0.10096955,72.199997,79.489998,当日前50,连续至少3个快照排名改善
2026-06-22,2026-06-26,Early,Nasdaq 200,DLTR,Dollar Tree,Consumer Staples,42,30,0.08724658,113.930000,123.870003,当日前50,
2026-06-22,2026-06-26,Early,Nasdaq 200,SNDK,Sandisk,Information Technology,43,6,-0.08049330,2273.729980,2090.709961,当日前50,
2026-06-22,2026-06-26,Early,Nasdaq 200,ROIV,Roivant Sciences Ltd. - Common Shares,,44,54,0.09024000,31.250000,34.070000,当日前50,连续至少3个快照收益为正
2026-06-22,2026-06-26,Early,Nasdaq 200,TXN,Texas Instruments,Information Technology,45,122,-0.14101063,332.279999,285.424988,当日前50,
2026-06-22,2026-06-26,Early,Nasdaq 200,FER,Ferrovial N.V. - Ordinary Shares,,46,77,-0.03391748,70.760002,68.360001,当日前50,连续至少3个快照排名改善
2026-06-22,2026-06-26,Early,Nasdaq 200,TLN,Talen Energy Corporation - Common Stock,,47,16,-0.07767278,438.119995,404.089996,当日前50,
2026-06-22,2026-06-26,Early,Nasdaq 200,AMAT,Applied Materials,Information Technology,48,13,-0.02083784,640.179993,626.840027,当日前50,连续至少3个快照排名改善
2026-06-22,2026-06-26,Early,Nasdaq 200,CRWV,"CoreWeave, Inc. - Class A Common Stock",,49,179,-0.13217718,111.290001,96.580002,当日前50,
2026-06-22,2026-06-26,Early,Nasdaq 200,CDNS,Cadence Design Systems,Information Technology,50,60,-0.03025401,389.040009,377.269989,当日前50,
2026-06-22,2026-06-26,Early,Nasdaq 200,WWD,"Woodward, Inc. - Common Stock",,54,38,0.01124593,426.820007,431.619995,加粗信号,连续至少3个快照收益为正
2026-06-22,2026-06-26,Early,Nasdaq 200,WYNN,Wynn Resorts,Consumer Discretionary,57,137,-0.03068906,103.620003,100.440002,加粗信号,连续至少3个快照排名改善
2026-06-22,2026-06-26,Early,Nasdaq 200,RVMD,"Revolution Medicines, Inc. - Common Stock",,60,53,0.09812438,165.809998,182.080002,加粗信号,连续至少3个快照收益为正
2026-06-22,2026-06-26,Early,Nasdaq 200,IONS,"Ionis Pharmaceuticals, Inc. - Common Stock",,64,56,0.06970617,75.889999,81.180000,加粗信号,连续至少3个快照收益为正
2026-06-22,2026-06-26,Early,Nasdaq 200,NBIX,"Neurocrine Biosciences, Inc. - Common Stock",,66,47,0.04269279,161.619995,168.520004,加粗信号,连续至少3个快照排名改善
2026-06-22,2026-06-26,Early,Nasdaq 200,EA,Electronic Arts,Communication Services,68,68,0.01123318,202.970001,205.250000,加粗信号,连续至少3个快照收益为正
2026-06-22,2026-06-26,Early,Nasdaq 200,OKTA,"Okta, Inc. - Class A Common Stock",,69,9,0.07193373,115.940002,124.279999,加粗信号,连续至少3个快照收益为正
2026-06-22,2026-06-26,Early,Nasdaq 200,CCEP,Coca-Cola Europacific Partners plc - Ordinary Shares,,71,61,0.04753550,96.980003,101.589996,加粗信号,连续至少3个快照收益为正；连续至少3个快照排名改善
2026-06-22,2026-06-26,Early,Nasdaq 200,KMB,Kimberly-Clark,Consumer Staples,73,69,0.08825874,100.500000,109.370003,加粗信号,连续至少3个快照收益为正
2026-06-22,2026-06-26,Early,Nasdaq 200,LLYVA,"Liberty Live Holdings, Inc. - Series A Liberty Live Group Common Stock",,74,23,0.05562619,94.379997,99.629997,加粗信号,连续至少3个快照收益为正；连续至少3个快照排名改善
2026-06-22,2026-06-26,Early,Nasdaq 200,FWONK,Liberty Media Corporation - Series C Liberty Formula One Common Stock,,76,24,0.03156128,89.349998,92.169998,加粗信号,连续至少3个快照排名改善
2026-06-22,2026-06-26,Early,Nasdaq 200,AEP,American Electric Power,Utilities,77,65,0.06438986,130.300003,138.690002,加粗信号,连续至少3个快照收益为正
2026-06-22,2026-06-26,Early,Nasdaq 200,ICLR,ICON plc - Ordinary Shares,,78,26,0.20699215,140.729996,169.860001,加粗信号,连续至少3个快照收益为正；连续至少3个快照排名改善
2026-06-22,2026-06-26,Early,Nasdaq 200,BBIO,BRIDGEBIO PHARMA INC,Health Care,80,8,0.01915264,68.919998,70.239998,加粗信号,连续至少3个快照排名改善
2026-06-22,2026-06-26,Early,Nasdaq 200,XEL,Xcel Energy,Utilities,84,36,0.04339557,78.809998,82.230003,加粗信号,连续至少3个快照收益为正；连续至少3个快照排名改善
2026-06-22,2026-06-26,Early,Nasdaq 200,ILMN,"Illumina, Inc. - Common Stock",,85,40,0.09400172,161.380005,176.550003,加粗信号,连续至少3个快照收益为正
2026-06-22,2026-06-26,Early,Nasdaq 200,GH,GUARDANT HEALTH INC,Health Care,88,20,0.15827058,128.830002,149.220001,加粗信号,连续至少3个快照收益为正
2026-06-22,2026-06-26,Early,Nasdaq 200,KDP,Keurig Dr Pepper,Consumer Staples,90,32,0.08195662,30.870001,33.400002,加粗信号,连续至少3个快照排名改善
2026-06-22,2026-06-26,Early,Nasdaq 200,ROP,Roper Technologies,Information Technology,92,70,0.04066567,325.089996,338.309998,加粗信号,连续至少3个快照收益为正
2026-06-22,2026-06-26,Early,Nasdaq 200,MNST,Monster Beverage,Consumer Staples,93,73,0.03612127,93.019997,96.379997,加粗信号,连续至少3个快照收益为正
2026-06-22,2026-06-26,Early,Nasdaq 200,JBHT,J.B. Hunt,Industrials,95,57,0.02493775,273.480011,280.299988,加粗信号,连续至少3个快照排名改善
2026-06-22,2026-06-26,Early,Nasdaq 200,ODFL,Old Dominion,Industrials,96,140,-0.00332549,219.520004,218.789993,加粗信号,连续至少3个快照排名改善
2026-06-22,2026-06-26,Early,Nasdaq 200,ZBRA,Zebra Technologies,Information Technology,101,29,0.02376978,245.690002,251.529999,加粗信号,连续至少3个快照排名改善
2026-06-22,2026-06-26,Early,Nasdaq 200,REGN,Regeneron Pharmaceuticals,Health Care,106,94,0.03330616,612.500000,632.900024,加粗信号,连续至少3个快照排名改善
2026-06-22,2026-06-26,Early,Nasdaq 200,CSX,CSX Corporation,Industrials,109,59,0.03160171,46.200001,47.660000,加粗信号,连续至少3个快照排名改善
2026-06-22,2026-06-26,Early,Nasdaq 200,PODD,Insulet Corporation,Health Care,129,83,0.13873497,138.970001,158.250000,加粗信号,连续至少3个快照收益为正；连续至少3个快照排名改善
2026-06-22,2026-06-26,Early,Nasdaq 200,SHOP,Shopify Inc. - Class A Subordinate Voting Shares,,134,1,0.08223743,107.980003,116.860001,加粗信号,连续至少3个快照排名改善
2026-06-22,2026-06-26,Early,Nasdaq 200,WBD,Warner Bros. Discovery,Communication Services,136,102,-0.00779224,26.950001,26.740000,加粗信号,连续至少3个快照排名改善
2026-06-22,2026-06-26,Early,Nasdaq 200,ALNY,"Alnylam Pharmaceuticals, Inc. - Common Stock",,141,103,0.01731780,286.410004,291.369995,加粗信号,连续至少3个快照排名改善
2026-06-22,2026-06-26,Early,Nasdaq 200,GEHC,GE HealthCare,Health Care,147,3,0.08443277,60.639999,65.760002,加粗信号,连续至少3个快照收益为正；连续至少3个快照排名改善
2026-06-22,2026-06-26,Early,Nasdaq Liquid 500,ARM,Arm Holdings plc - American Depositary Shares,,2,309,-0.18014817,407.720001,334.269989,当日前50,
2026-06-22,2026-06-26,Early,Nasdaq Liquid 500,CRVO,CervoMed Inc. - Common Stock,,3,74,-0.15496368,4.130000,3.490000,当日前50,
2026-06-22,2026-06-26,Early,Nasdaq Liquid 500,RXT,RACKSPACE TECHNOLOGY INC,Information Technology,6,248,-0.12509144,6.835000,5.980000,当日前50,连续至少3个快照排名改善
2026-06-22,2026-06-26,Early,Nasdaq Liquid 500,POWI,POWER INTEGRATIONS INC,Information Technology,7,343,-0.09135656,87.349998,79.370003,当日前50,
2026-06-22,2026-06-26,Early,Nasdaq Liquid 500,TXG,10X GENOMICS INC CLASS A,Health Care,8,56,0.11566488,32.939999,36.750000,当日前50,
2026-06-22,2026-06-26,Early,Nasdaq Liquid 500,KEEL,Keel Infrastructure Corp. - Common Stock,,9,280,-0.09459459,6.660000,6.030000,当日前50,
2026-06-22,2026-06-26,Early,Nasdaq Liquid 500,ROKU,"Roku, Inc. - Class A Common Stock",,10,61,0.00147927,135.199997,135.399994,当日前50,
2026-06-22,2026-06-26,Early,Nasdaq Liquid 500,ERAS,ERASCA INC,Health Care,11,15,0.06167109,15.080000,16.010000,当日前50,
2026-06-22,2026-06-26,Early,Nasdaq Liquid 500,WSBC,WESBANCO INC,Financials,12,186,0.05722065,36.700001,38.799999,当日前50,连续至少3个快照收益为正
2026-06-22,2026-06-26,Early,Nasdaq Liquid 500,CIFR,CIPHER DIGITAL INC,Information Technology,13,326,-0.07818046,28.139999,25.940001,当日前50,
2026-06-22,2026-06-26,Early,Nasdaq Liquid 500,MYRG,MYR GROUP INC,Industrials,14,66,-0.01061931,483.079987,477.950012,当日前50,
2026-06-22,2026-06-26,Early,Nasdaq Liquid 500,ADPT,ADAPTIVE BIOTECHNOLOGIES CORP,Health Care,15,78,0.20667805,17.370001,20.959999,当日前50,
2026-06-22,2026-06-26,Early,Nasdaq Liquid 500,LGND,LIGAND PHARMACEUTICALS INC,Health Care,16,108,0.15798902,262.170013,303.589996,当日前50,连续至少3个快照收益为正
2026-06-22,2026-06-26,Early,Nasdaq Liquid 500,POWL,POWELL INDUSTRIES INC,Industrials,17,338,-0.09106563,307.799988,279.769989,当日前50,
2026-06-22,2026-06-26,Early,Nasdaq Liquid 500,BIIB,Biogen,Health Care,18,204,0.08171845,199.710007,216.029999,当日前50,
2026-06-22,2026-06-26,Early,Nasdaq Liquid 500,FCEL,"FuelCell Energy, Inc. - Common Stock",,19,44,-0.01599012,24.389999,24.000000,当日前50,
2026-06-22,2026-06-26,Early,Nasdaq Liquid 500,MARA,MARA HOLDINGS INC,Information Technology,20,236,-0.02087542,14.850000,14.540000,当日前50,
2026-06-22,2026-06-26,Early,Nasdaq Liquid 500,NTLA,INTELLIA THERAPEUTICS INC,Health Care,21,30,0.05904762,15.750000,16.680000,当日前50,
2026-06-22,2026-06-26,Early,Nasdaq Liquid 500,COGT,COGENT BIOSCIENCES INC,Health Care,22,107,0.06305798,35.840000,38.099998,当日前50,连续至少3个快照收益为正
2026-06-22,2026-06-26,Early,Nasdaq Liquid 500,CGNX,Cognex Corporation - Common Stock,,23,19,-0.01538462,67.599998,66.559998,当日前50,
2026-06-22,2026-06-26,Early,Nasdaq Liquid 500,WULF,TERAWULF INC,Information Technology,24,335,-0.08760152,28.309999,25.830000,当日前50,
2026-06-22,2026-06-26,Early,Nasdaq Liquid 500,EBC,EASTERN BANKSHARES INC,Financials,25,216,0.06509161,20.740000,22.090000,当日前50,连续至少3个快照收益为正
2026-06-22,2026-06-26,Early,Nasdaq Liquid 500,MRNA,Moderna,Health Care,26,68,0.13354109,59.345001,67.269997,当日前50,
2026-06-22,2026-06-26,Early,Nasdaq Liquid 500,DAVE,DAVE INC CLASS A,Financials,27,88,0.12588787,309.720001,348.709991,当日前50,连续至少3个快照排名改善
2026-06-22,2026-06-26,Early,Nasdaq Liquid 500,OUST,OUSTER INC,Information Technology,28,365,-0.11870805,47.680000,42.020000,当日前50,
2026-06-22,2026-06-26,Early,Nasdaq Liquid 500,WING,Wingstop Inc. - Common Stock,,29,53,0.06392746,156.740005,166.759995,当日前50,
2026-06-22,2026-06-26,Early,Nasdaq Liquid 500,AEHR,AEHR TEST SYSTEMS,Information Technology,30,430,-0.18988797,113.330002,91.809998,当日前50,
2026-06-22,2026-06-26,Early,Nasdaq Liquid 500,MIDD,The Middleby Corporation - Common Stock,,31,143,0.04026407,166.649994,173.360001,当日前50,
2026-06-22,2026-06-26,Early,Nasdaq Liquid 500,FCFS,FIRSTCASH HOLDINGS INC,Financials,32,383,-0.07182490,228.889999,212.449997,当日前50,
2026-06-22,2026-06-26,Early,Nasdaq Liquid 500,PCAR,Paccar,Industrials,33,52,0.00466198,120.120003,120.680000,当日前50,
2026-06-22,2026-06-26,Early,Nasdaq Liquid 500,TECH,Bio-Techne,Health Care,34,118,0.27674876,55.610001,71.000000,当日前50,连续至少3个快照收益为正
2026-06-22,2026-06-26,Early,Nasdaq Liquid 500,SOFI,"SoFi Technologies, Inc.  - Common Stock",,35,21,0.04385965,17.100000,17.850000,当日前50,连续至少3个快照排名改善
2026-06-22,2026-06-26,Early,Nasdaq Liquid 500,EHGO,Eshallgo Inc. - Class A Ordinary Shares,,36,3,-0.04679803,4.060000,3.870000,当日前50,连续至少3个快照排名改善
2026-06-22,2026-06-26,Early,Nasdaq Liquid 500,BELFB,BEL FUSE INC CLASS B,Information Technology,37,32,0.02073416,304.329987,310.640015,当日前50,
2026-06-22,2026-06-26,Early,Nasdaq Liquid 500,CVCO,CAVCO INDUSTRIES INC,Consumer Discretionary,38,41,0.05303498,587.159973,618.299988,当日前50,
2026-06-22,2026-06-26,Early,Nasdaq Liquid 500,MEDP,"Medpace Holdings, Inc. - Common Stock",,40,156,0.15671773,455.660004,527.070007,当日前50,连续至少3个快照收益为正
2026-06-22,2026-06-26,Early,Nasdaq Liquid 500,MRVL,Marvell Technology,Information Technology,41,224,-0.13346975,307.859985,266.769989,当日前50,
2026-06-22,2026-06-26,Early,Nasdaq Liquid 500,POOL,Pool Corporation - Common Stock,,42,119,0.08179541,195.610001,211.610001,当日前50,
2026-06-22,2026-06-26,Early,Nasdaq Liquid 500,LYFT,"Lyft, Inc. - Class A Common Stock",,43,49,0.00351617,14.220000,14.270000,当日前50,
2026-06-22,2026-06-26,Early,Nasdaq Liquid 500,MIRM,MIRUM PHARMACEUTICALS INC,Health Care,44,135,0.14846433,107.769997,123.769997,当日前50,连续至少3个快照收益为正
2026-06-22,2026-06-26,Early,Nasdaq Liquid 500,JBLU,JETBLUE AIRWAYS CORP,Industrials,45,150,0.09289617,5.490000,6.000000,当日前50,连续至少3个快照收益为正
2026-06-22,2026-06-26,Early,Nasdaq Liquid 500,ADI,Analog Devices,Information Technology,46,274,-0.13147617,445.480011,386.910004,当日前50,
2026-06-22,2026-06-26,Early,Nasdaq Liquid 500,CAR,"Avis Budget Group, Inc. - Common Stock",,47,395,-0.10623789,186.279999,166.490005,当日前50,
2026-06-22,2026-06-26,Early,Nasdaq Liquid 500,BKNG,Booking Holdings,Consumer Discretionary,48,27,0.08159983,167.770004,181.460007,当日前50,
2026-06-22,2026-06-26,Early,Nasdaq Liquid 500,ACLS,AXCELIS TECHNOLOGIES INC,Information Technology,49,268,-0.05812311,183.919998,173.229996,当日前50,
2026-06-22,2026-06-26,Early,Nasdaq Liquid 500,ARGX,argenx SE - American Depositary Shares,,50,133,-0.01833472,903.750000,887.179993,当日前50,
2026-06-22,2026-06-26,Early,Nasdaq Liquid 500,AMGN,Amgen,Health Care,51,67,0.03948128,344.720001,358.329987,加粗信号,连续至少3个快照收益为正
2026-06-22,2026-06-26,Early,Nasdaq Liquid 500,NTRA,"Natera, Inc. - Common Stock",,52,99,0.14471154,228.800003,261.910004,加粗信号,连续至少3个快照收益为正
2026-06-22,2026-06-26,Early,Nasdaq Liquid 500,COO,Cooper Companies (The),Health Care,54,117,0.08560072,65.419998,71.019997,加粗信号,连续至少3个快照收益为正
2026-06-22,2026-06-26,Early,Nasdaq Liquid 500,VRTX,Vertex Pharmaceuticals,Health Care,56,173,0.05259321,466.790009,491.339996,加粗信号,连续至少3个快照收益为正
2026-06-22,2026-06-26,Early,Nasdaq Liquid 500,ALKS,ALKERMES,Health Care,59,125,0.19687097,46.020000,55.080002,加粗信号,连续至少3个快照收益为正
2026-06-22,2026-06-26,Early,Nasdaq Liquid 500,DASH,DoorDash,Consumer Discretionary,62,26,0.06398183,172.080002,183.089996,加粗信号,连续至少3个快照排名改善
2026-06-22,2026-06-26,Early,Nasdaq Liquid 500,DUOL,"Duolingo, Inc. - Class A Common Stock",,66,265,-0.04526524,127.250000,121.489998,加粗信号,连续至少3个快照排名改善
2026-06-22,2026-06-26,Early,Nasdaq Liquid 500,CACC,Credit Acceptance Corporation - Common Stock,,71,178,0.08887842,577.530029,628.859985,加粗信号,连续至少3个快照收益为正
2026-06-22,2026-06-26,Early,Nasdaq Liquid 500,EWBC,"East West Bancorp, Inc. - Common Stock",,72,183,0.00263297,129.130005,129.470001,加粗信号,连续至少3个快照排名改善
2026-06-22,2026-06-26,Early,Nasdaq Liquid 500,CART,Maplebear Inc. - Common Stock,,78,142,0.07205780,44.270000,47.459999,加粗信号,连续至少3个快照收益为正
2026-06-22,2026-06-26,Early,Nasdaq Liquid 500,UMBF,UMB FINANCIAL CORP,Financials,81,175,0.05820069,136.940002,144.910004,加粗信号,连续至少3个快照收益为正
2026-06-22,2026-06-26,Early,Nasdaq Liquid 500,HBAN,Huntington Bancshares,Financials,83,168,0.04340188,17.049999,17.790001,加粗信号,连续至少3个快照收益为正
2026-06-22,2026-06-26,Early,Nasdaq Liquid 500,VLY,VALLEY NATIONAL,Financials,84,172,0.03370787,14.240000,14.720000,加粗信号,连续至少3个快照收益为正
2026-06-22,2026-06-26,Early,Nasdaq Liquid 500,ACMR,ACM RESEARCH CLASS A INC,Information Technology,86,65,0.01289136,103.169998,104.500000,加粗信号,连续至少3个快照排名改善
2026-06-22,2026-06-26,Early,Nasdaq Liquid 500,CBSH,"Commerce Bancshares, Inc. - Common Stock",,89,218,0.04920114,55.080002,57.790001,加粗信号,连续至少3个快照收益为正
2026-06-22,2026-06-26,Early,Nasdaq Liquid 500,ONB,OLD NATIONAL BANCORP,Financials,90,182,0.03478605,25.010000,25.879999,加粗信号,连续至少3个快照收益为正
2026-06-22,2026-06-26,Early,Nasdaq Liquid 500,COLB,"Columbia Banking System, Inc. - Common Stock",,97,191,0.04146424,30.870001,32.150002,加粗信号,连续至少3个快照收益为正；连续至少3个快照排名改善
2026-06-22,2026-06-26,Early,Nasdaq Liquid 500,WTFC,Wintrust Financial Corporation - Common Stock,,98,54,0.03556522,155.770004,161.309998,加粗信号,连续至少3个快照收益为正；连续至少3个快照排名改善
2026-06-22,2026-06-26,Early,Nasdaq Liquid 500,TEM,"Tempus AI, Inc. - Class A Common Stock",,100,14,0.17324977,47.849998,56.139999,加粗信号,连续至少3个快照收益为正
2026-06-22,2026-06-26,Early,Nasdaq Liquid 500,LNT,Alliant Energy,Utilities,104,221,0.05518373,73.209999,77.250000,加粗信号,连续至少3个快照收益为正
2026-06-22,2026-06-26,Early,Nasdaq Liquid 500,EVRG,Evergy,Utilities,111,206,0.04756756,83.250000,87.209999,加粗信号,连续至少3个快照收益为正
2026-06-22,2026-06-26,Early,Nasdaq Liquid 500,EXC,Exelon,Utilities,117,46,0.03178065,45.939999,47.400002,加粗信号,连续至少3个快照排名改善
2026-06-22,2026-06-26,Early,Nasdaq Liquid 500,SOLS,Solstice Advanced Materials Inc. - Common Stock,,127,233,-0.04899362,86.949997,82.690002,加粗信号,连续至少3个快照排名改善
2026-06-22,2026-06-26,Early,Nasdaq Liquid 500,AFRM,"Affirm Holdings, Inc. - Class A Common Stock",,129,153,0.10096955,72.199997,79.489998,加粗信号,连续至少3个快照排名改善
2026-06-22,2026-06-26,Early,Nasdaq Liquid 500,COKE,"Coca-Cola Consolidated, Inc. - Common Stock",,131,6,0.05103413,178.899994,188.029999,加粗信号,连续至少3个快照排名改善
2026-06-22,2026-06-26,Early,Nasdaq Liquid 500,AAL,"American Airlines Group, Inc. - Common Stock",,135,170,0.11131847,16.080000,17.870001,加粗信号,连续至少3个快照收益为正
2026-06-22,2026-06-26,Early,Nasdaq Liquid 500,ROIV,Roivant Sciences Ltd. - Common Shares,,136,166,0.09024000,31.250000,34.070000,加粗信号,连续至少3个快照收益为正
2026-06-22,2026-06-26,Early,Nasdaq Liquid 500,WYFI,WHITEFIBER INC,Information Technology,138,31,-0.14518651,44.770000,38.270000,加粗信号,连续至少3个快照排名改善
2026-06-22,2026-06-26,Early,Nasdaq Liquid 500,FER,Ferrovial N.V. - Ordinary Shares,,139,229,-0.03391748,70.760002,68.360001,加粗信号,连续至少3个快照排名改善
2026-06-22,2026-06-26,Early,Nasdaq Liquid 500,TXRH,"Texas Roadhouse, Inc. - Common Stock",,142,220,0.09356395,179.770004,196.589996,加粗信号,连续至少3个快照收益为正
2026-06-22,2026-06-26,Early,Russell,TKNO,ALPHA TEKNOVA INC,Health Care,1,275,0.11434109,5.160000,5.750000,当日前50,
2026-06-22,2026-06-26,Early,Russell,KRRO,KORRO BIO INC,Health Care,2,672,-0.08633094,13.900000,12.700000,当日前50,
2026-06-22,2026-06-26,Early,Russell,OPTU,OPTIMUM COMMUNICATIONS INC CLASS A,Communication,3,310,0.32400000,1.250000,1.655000,当日前50,
2026-06-22,2026-06-26,Early,Russell,SWBI,SMITH WESSON BRANDS INC,Consumer Discretionary,4,1145,-0.07416419,16.450001,15.230000,当日前50,
2026-06-22,2026-06-26,Early,Russell,KSS,KOHLS CORP,Consumer Discretionary,5,332,0.09232955,17.600000,19.225000,当日前50,
2026-06-22,2026-06-26,Early,Russell,FWRD,FORWARD AIR CORP,Industrials,6,19,0.08351568,13.710000,14.855000,当日前50,
2026-06-22,2026-06-26,Early,Russell,RXT,RACKSPACE TECHNOLOGY INC,Information Technology,7,1226,-0.12509144,6.835000,5.980000,当日前50,
2026-06-22,2026-06-26,Early,Russell,EPC,EDGEWELL PERSONAL CARE,Consumer Staples,8,529,0.22183104,22.719999,27.760000,当日前50,
2026-06-22,2026-06-26,Early,Russell,PACS,PACS GROUP INC,Health Care,9,1068,0.10775748,37.770000,41.840000,当日前50,
2026-06-22,2026-06-26,Early,Russell,GCBC,GREENE COUNTY BANCORP INC,Financials,10,500,0.12856659,29.090000,32.830002,当日前50,
2026-06-22,2026-06-26,Early,Russell,ACRS,ACLARIS THERAPEUTICS INC,Health Care,11,151,0.03305785,4.840000,5.000000,当日前50,
2026-06-22,2026-06-26,Early,Russell,QTRX,QUANTERIX CORP,Health Care,12,125,0.23782235,3.490000,4.320000,当日前50,
2026-06-22,2026-06-26,Early,Russell,POWI,POWER INTEGRATIONS INC,Information Technology,13,1473,-0.09135656,87.349998,79.370003,当日前50,
2026-06-22,2026-06-26,Early,Russell,IIIN,INSTEEL INDUSTRIES INC,Industrials,14,166,0.03351388,29.540001,30.530001,当日前50,
2026-06-22,2026-06-26,Early,Russell,TRNS,TRANSCAT INC,Industrials,15,612,-0.00560644,92.750000,92.230003,当日前50,
2026-06-22,2026-06-26,Early,Russell,TXG,10X GENOMICS INC CLASS A,Health Care,16,323,0.11566488,32.939999,36.750000,当日前50,
2026-06-22,2026-06-26,Early,Russell,ALDX,ALDEYRA THERAPEUTICS INC,Health Care,17,343,-0.10731707,2.050000,1.830000,当日前50,
2026-06-22,2026-06-26,Early,Russell,PLPC,PREFORMED LINE PRODUCTS,Industrials,18,421,-0.01390685,401.239990,395.660004,当日前50,
2026-06-22,2026-06-26,Early,Russell,ELA,ENVELA CORP,Consumer Discretionary,19,1038,0.00435884,27.530001,27.650000,当日前50,
2026-06-22,2026-06-26,Early,Russell,NIC,NICOLET BANKSHARES INC,Financials,20,1010,0.07867765,151.250000,163.149994,当日前50,连续至少3个快照收益为正
2026-06-22,2026-06-26,Early,Russell,HOV,HOVNANIAN ENTERPRISES INC CLASS A,Consumer Discretionary,21,580,0.17596948,125.589996,147.690002,当日前50,
2026-06-22,2026-06-26,Early,Russell,FDMT,4D MOLECULAR THERAPEUTICS INC,Health Care,22,31,0.11324376,10.420000,11.600000,当日前50,
2026-06-22,2026-06-26,Early,Russell,XPOF,XPONENTIAL FITNESS INC CLASS A,Consumer Discretionary,23,104,0.06429652,6.610000,7.035000,当日前50,
2026-06-22,2026-06-26,Early,Russell,ERAS,ERASCA INC,Health Care,24,86,0.06167109,15.080000,16.010000,当日前50,
2026-06-22,2026-06-26,Early,Russell,OCUL,OCULAR THERAPEUTIX INC,Health Care,25,159,-0.01303912,9.970000,9.840000,当日前50,
2026-06-22,2026-06-26,Early,Russell,WSBC,WESBANCO INC,Financials,26,1014,0.05722065,36.700001,38.799999,当日前50,连续至少3个快照收益为正
2026-06-22,2026-06-26,Early,Russell,CIFR,CIPHER DIGITAL INC,Information Technology,27,1442,-0.07818046,28.139999,25.940001,当日前50,
2026-06-22,2026-06-26,Early,Russell,SPRY,ARS PHARMACEUTICALS INC,Health Care,28,1370,-0.14428858,9.980000,8.540000,当日前50,
2026-06-22,2026-06-26,Early,Russell,SVCO,SILVACO GROUP INC,Information Technology,29,1219,-0.09393939,13.200000,11.960000,当日前50,
2026-06-22,2026-06-26,Early,Russell,MASS,908 DEVICES INC,Information Technology,30,269,0.01385681,8.660000,8.780000,当日前50,连续至少3个快照收益为正
2026-06-22,2026-06-26,Early,Russell,SWIM,LATHAM GROUP INC,Consumer Discretionary,31,995,0.11284722,5.760000,6.410000,当日前50,连续至少3个快照收益为正
2026-06-22,2026-06-26,Early,Russell,ALTG,ALTA EQUIPMENT GROUP INC CLASS A,Industrials,32,408,-0.01595745,7.520000,7.400000,当日前50,
2026-06-22,2026-06-26,Early,Russell,MBC,MASTERBRAND INC,Industrials,33,420,0.14617169,8.620000,9.880000,当日前50,
2026-06-22,2026-06-26,Early,Russell,BOOT,BOOT BARN HOLDINGS INC,Consumer Discretionary,34,368,-0.00493110,178.460007,177.580002,当日前50,
2026-06-22,2026-06-26,Early,Russell,MYRG,MYR GROUP INC,Industrials,35,386,-0.01061931,483.079987,477.950012,当日前50,
2026-06-22,2026-06-26,Early,Russell,TBCH,TURTLE BEACH CORP,Information Technology,36,1440,-0.08284024,13.520000,12.400000,当日前50,
2026-06-22,2026-06-26,Early,Russell,HTFL,HEARTFLOW INC,Health Care,37,22,0.05348706,33.840000,35.650002,当日前50,连续至少3个快照收益为正
2026-06-22,2026-06-26,Early,Russell,LMRI,LUMEXA IMAGING HOLDINGS INC,Health Care,38,356,0.27502634,9.490000,12.100000,当日前50,
2026-06-22,2026-06-26,Early,Russell,EWTX,EDGEWISE THERAPEUTICS INC,Health Care,39,703,0.13589038,36.500000,41.459999,当日前50,
2026-06-22,2026-06-26,Early,Russell,ADPT,ADAPTIVE BIOTECHNOLOGIES CORP,Health Care,40,458,0.20667805,17.370001,20.959999,当日前50,
2026-06-22,2026-06-26,Early,Russell,LGND,LIGAND PHARMACEUTICALS INC,Health Care,41,563,0.15798902,262.170013,303.589996,当日前50,连续至少3个快照收益为正
2026-06-22,2026-06-26,Early,Russell,MOD,MODINE MANUFACTURING,Industrials,42,1451,-0.13481965,295.579987,255.729996,当日前50,
2026-06-22,2026-06-26,Early,Russell,PESI,PERMA FIX ENVIRONMENTAL SERVICES I,Industrials,43,14,0.11464968,10.990000,12.250000,当日前50,
2026-06-22,2026-06-26,Early,Russell,SEPN,SEPTERNA INC,Health Care,44,58,0.07144913,34.849998,37.340000,当日前50,
2026-06-22,2026-06-26,Early,Russell,POWL,POWELL INDUSTRIES INC,Industrials,45,1471,-0.09106563,307.799988,279.769989,当日前50,
2026-06-22,2026-06-26,Early,Russell,BTBT,BIT DIGITAL INC,Information Technology,46,1234,-0.10762332,2.230000,1.990000,当日前50,
2026-06-22,2026-06-26,Early,Russell,ETD,ETHAN ALLEN INTERIORS INC,Consumer Discretionary,47,297,0.05625884,21.330000,22.530001,当日前50,
2026-06-22,2026-06-26,Early,Russell,IVT,INVENTRUST PROPERTIES CORP,Real Estate,48,1073,0.04962272,34.459999,36.169998,当日前50,连续至少3个快照收益为正
2026-06-22,2026-06-26,Early,Russell,LZB,LA-Z-BOY INC,Consumer Discretionary,49,238,0.02400598,39.990002,40.950001,当日前50,
2026-06-22,2026-06-26,Early,Russell,SEG,SEAPORT ENTERTAINMENT GROUP INC,Real Estate,50,876,0.06002354,25.490000,27.020000,当日前50,
2026-06-22,2026-06-26,Early,Russell,SVRA,SAVARA INC,Health Care,52,93,0.03690685,5.690000,5.900000,加粗信号,连续至少3个快照收益为正
2026-06-22,2026-06-26,Early,Russell,COGT,COGENT BIOSCIENCES INC,Health Care,59,558,0.06305798,35.840000,38.099998,加粗信号,连续至少3个快照收益为正
2026-06-22,2026-06-26,Early,Russell,LGIH,LGI HOMES INC,Consumer Discretionary,60,658,0.19383488,55.150002,65.839996,加粗信号,连续至少3个快照收益为正
2026-06-22,2026-06-26,Early,Russell,MAX,MEDIAALPHA INC CLASS A,Communication,64,523,0.16699411,10.180000,11.880000,加粗信号,连续至少3个快照收益为正
2026-06-22,2026-06-26,Early,Russell,BH,BIGLARI HOLDINGS INCINARY CLASS B,Consumer Discretionary,75,582,0.20446432,336.000000,404.700012,加粗信号,连续至少3个快照收益为正
2026-06-22,2026-06-26,Early,Russell,EBC,EASTERN BANKSHARES INC,Financials,79,1123,0.06509161,20.740000,22.090000,加粗信号,连续至少3个快照收益为正
2026-06-22,2026-06-26,Early,Russell,WGS,GENEDX HOLDINGS CORP CLASS A,Health Care,85,272,0.25983404,55.419998,69.820000,加粗信号,连续至少3个快照收益为正
2026-06-22,2026-06-26,Early,Russell,CDNA,CAREDX INC,Health Care,86,677,0.15049905,25.049999,28.820000,加粗信号,连续至少3个快照收益为正
2026-06-22,2026-06-26,Early,Russell,DAVE,DAVE INC CLASS A,Financials,91,506,0.12588787,309.720001,348.709991,加粗信号,连续至少3个快照排名改善
2026-06-22,2026-06-26,Early,Russell,AMLX,AMYLYX PHARMACEUTICALS INC,Health Care,92,541,0.09275184,16.280001,17.790001,加粗信号,连续至少3个快照收益为正
2026-06-22,2026-06-26,Early,Russell,ACAD,ACADIA PHARMACEUTICALS INC,Health Care,101,782,0.14622001,22.090000,25.320000,加粗信号,连续至少3个快照收益为正
2026-06-22,2026-06-26,Early,Russell,HBT,HBT FINANCIAL INC,Financials,103,691,0.04166667,30.480000,31.750000,加粗信号,连续至少3个快照收益为正
2026-06-22,2026-06-26,Early,Russell,SKYW,SKYWEST INC,Industrials,104,974,0.06670247,93.099998,99.309998,加粗信号,连续至少3个快照收益为正
2026-06-22,2026-06-26,Early,Russell,FNWD,FINWARD BANCORP,Financials,108,10,-0.01074329,34.439999,34.070000,加粗信号,连续至少3个快照排名改善
2026-06-22,2026-06-26,Early,Russell,TDOC,TELADOC HEALTH INC,Health Care,110,546,0.10554090,7.580000,8.380000,加粗信号,连续至少3个快照收益为正
2026-06-22,2026-06-26,Early,Russell,GEF,GREIF INC CLASS A,Materials,112,1091,0.08306848,69.220001,74.970001,加粗信号,连续至少3个快照收益为正
2026-06-22,2026-06-26,Early,Russell,MITK,MITEK SYSTEMS INC,Information Technology,118,969,0.11438487,17.309999,19.290001,加粗信号,连续至少3个快照收益为正
2026-06-22,2026-06-26,Early,Russell,SBFG,SB FINANCIAL GROUP INC,Financials,120,8,0.07468515,23.030001,24.750000,加粗信号,连续至少3个快照排名改善
2026-06-22,2026-06-26,Early,Russell,BWFG,BANKWELL FINANCIAL GROUP INC,Financials,122,106,0.06238895,56.259998,59.770000,加粗信号,连续至少3个快照收益为正
2026-06-22,2026-06-26,Early,Russell,BWB,BRIDGEWATER BANCSHARES INC,Financials,127,525,0.04565981,19.930000,20.840000,加粗信号,连续至少3个快照收益为正
2026-06-22,2026-06-26,Early,Russell,MYGN,MYRIAD GENETICS INC,Health Care,128,471,0.30666667,4.500000,5.880000,加粗信号,连续至少3个快照收益为正
2026-06-22,2026-06-26,Early,Russell,TCI,TRANSCONTINENTAL REALTY INVESTORS,Real Estate,133,887,0.18466894,40.180000,47.599998,加粗信号,连续至少3个快照收益为正
2026-06-22,2026-06-26,Early,Russell,APPS,DIGITAL TURBINE INC,Information Technology,135,833,0.19675676,9.250000,11.070000,加粗信号,连续至少3个快照收益为正
2026-06-22,2026-06-26,Early,Russell,JILL,J JILL INC,Consumer Discretionary,141,734,0.08706125,14.530000,15.795000,加粗信号,连续至少3个快照收益为正
2026-06-22,2026-06-26,Early,Russell,ZVRA,ZEVRA THERAPEUTICS INC,Health Care,146,574,0.06877470,12.650000,13.520000,加粗信号,连续至少3个快照收益为正
2026-06-22,2026-06-26,Early,Russell,RGNX,REGENXBIO INC,Health Care,147,220,0.15545755,9.070000,10.480000,加粗信号,连续至少3个快照收益为正
2026-06-22,2026-06-26,Early,Russell,HNI,HNI CORP,Industrials,148,602,0.15925053,34.160000,39.599998,加粗信号,连续至少3个快照收益为正
2026-06-22,2026-06-26,Early,Russell,MIRM,MIRUM PHARMACEUTICALS INC,Health Care,149,717,0.14846433,107.769997,123.769997,加粗信号,连续至少3个快照收益为正
2026-06-22,2026-06-26,Early,Russell,JBLU,JETBLUE AIRWAYS CORP,Industrials,150,826,0.09289617,5.490000,6.000000,加粗信号,连续至少3个快照收益为正
2026-06-22,2026-06-26,Early,Russell,JBSS,JOHN B SANFILIPPO AND SON INC,Consumer Staples,151,1155,0.10382864,78.879997,87.070000,加粗信号,连续至少3个快照收益为正
2026-06-22,2026-06-26,Prism,S&P 500,MU,Micron Technology,Information Technology,1,5,-0.06525619,1211.380005,1132.329956,当日前50,
2026-06-22,2026-06-26,Prism,S&P 500,MRVL,Marvell Technology,Information Technology,2,2,-0.13346975,307.859985,266.769989,当日前50,
2026-06-22,2026-06-26,Prism,S&P 500,AMAT,Applied Materials,Information Technology,3,1,-0.02083784,640.179993,626.840027,当日前50,
2026-06-22,2026-06-26,Prism,S&P 500,KLAC,KLA Corporation,Information Technology,4,3,-0.07623720,269.160004,248.639999,当日前50,
2026-06-22,2026-06-26,Prism,S&P 500,LRCX,Lam Research,Information Technology,5,6,-0.07435174,409.540009,379.089996,当日前50,
2026-06-22,2026-06-26,Prism,S&P 500,TER,Teradyne,Information Technology,6,8,-0.04407005,457.000000,436.859985,当日前50,
2026-06-22,2026-06-26,Prism,S&P 500,VRT,Vertiv,Industrials,7,26,-0.15222369,357.959991,303.470001,当日前50,
2026-06-22,2026-06-26,Prism,S&P 500,GNRC,Generac,Industrials,8,24,-0.05775870,295.540009,278.470001,当日前50,
2026-06-22,2026-06-26,Prism,S&P 500,Q,Qnity Electronics,Information Technology,9,48,-0.10026190,175.639999,158.029999,当日前50,
2026-06-22,2026-06-26,Prism,S&P 500,AMD,Advanced Micro Devices,Information Technology,10,29,-0.05447490,551.630005,521.580017,当日前50,
2026-06-22,2026-06-26,Prism,S&P 500,SNDK,Sandisk,Information Technology,11,65,-0.08049330,2273.729980,2090.709961,当日前50,
2026-06-22,2026-06-26,Prism,S&P 500,STX,Seagate Technology,Information Technology,12,437,-0.17745239,1094.040039,899.900024,当日前50,
2026-06-22,2026-06-26,Prism,S&P 500,WDC,Western Digital,Information Technology,13,330,-0.19951678,732.619995,586.450012,当日前50,
2026-06-22,2026-06-26,Prism,S&P 500,DELL,Dell Technologies,Information Technology,14,41,-0.05777269,418.709991,394.519989,当日前50,
2026-06-22,2026-06-26,Prism,S&P 500,ADI,Analog Devices,Information Technology,15,34,-0.13147617,445.480011,386.910004,当日前50,连续至少3个快照排名改善
2026-06-22,2026-06-26,Prism,S&P 500,ON,ON Semiconductor,Information Technology,16,467,-0.31090840,131.550003,90.650002,当日前50,
2026-06-22,2026-06-26,Prism,S&P 500,ETN,Eaton Corporation,Industrials,17,33,-0.07640781,435.779999,402.483002,当日前50,
2026-06-22,2026-06-26,Prism,S&P 500,INTC,Intel,Information Technology,18,27,-0.08954162,140.940002,128.320007,当日前50,
2026-06-22,2026-06-26,Prism,S&P 500,EMR,Emerson Electric,Industrials,19,18,-0.04533661,150.210007,143.399994,当日前50,
2026-06-22,2026-06-26,Prism,S&P 500,HPE,Hewlett Packard Enterprise,Information Technology,20,157,-0.09772734,48.400002,43.669998,当日前50,
2026-06-22,2026-06-26,Prism,S&P 500,TXN,Texas Instruments,Information Technology,21,54,-0.14101063,332.279999,285.424988,当日前50,
2026-06-22,2026-06-26,Prism,S&P 500,ANET,Arista Networks,Information Technology,22,90,-0.09721587,174.559998,157.589996,当日前50,
2026-06-22,2026-06-26,Prism,S&P 500,GEV,GE Vernova,Industrials,23,22,-0.07518682,1127.589966,1042.810059,当日前50,
2026-06-22,2026-06-26,Prism,S&P 500,MCHP,Microchip Technology,Information Technology,24,122,-0.14390029,102.709999,87.930000,当日前50,
2026-06-22,2026-06-26,Prism,S&P 500,NTAP,NetApp,Information Technology,25,224,-0.03701599,158.309998,152.449997,当日前50,
2026-06-22,2026-06-26,Prism,S&P 500,APH,Amphenol,Information Technology,26,87,-0.01476266,165.960007,163.509995,当日前50,
2026-06-22,2026-06-26,Prism,S&P 500,ROK,Rockwell Automation,Industrials,27,13,-0.00276100,478.079987,476.760010,当日前50,
2026-06-22,2026-06-26,Prism,S&P 500,CAT,Caterpillar Inc.,Industrials,28,21,-0.02373128,1022.280029,998.020020,当日前50,连续至少3个快照排名改善
2026-06-22,2026-06-26,Prism,S&P 500,AME,Ametek,Industrials,29,14,-0.01687020,241.550003,237.475006,当日前50,连续至少3个快照排名改善
2026-06-22,2026-06-26,Prism,S&P 500,NXPI,NXP Semiconductors,Information Technology,30,251,-0.14298974,323.239990,277.019989,当日前50,
2026-06-22,2026-06-26,Prism,S&P 500,APTV,Aptiv,Consumer Discretionary,31,155,-0.05049550,63.570000,60.360001,当日前50,
2026-06-22,2026-06-26,Prism,S&P 500,QCOM,Qualcomm,Information Technology,32,315,-0.14650742,221.899994,189.389999,当日前50,
2026-06-22,2026-06-26,Prism,S&P 500,FSLR,First Solar,Information Technology,33,259,-0.09136855,263.109985,239.070007,当日前50,
2026-06-22,2026-06-26,Prism,S&P 500,WSM,"Williams-Sonoma, Inc.",Consumer Discretionary,34,61,0.05790497,226.059998,239.149994,当日前50,连续至少3个快照收益为正
2026-06-22,2026-06-26,Prism,S&P 500,HOOD,Robinhood Markets,Financials,35,103,-0.06640807,105.709999,98.690002,当日前50,
2026-06-22,2026-06-26,Prism,S&P 500,FLEX,Flex Ltd.,Information Technology,36,417,-0.05846865,155.809998,146.699997,当日前50,
2026-06-22,2026-06-26,Prism,S&P 500,MRNA,Moderna,Health Care,37,7,0.13354108,59.345001,67.269997,当日前50,
2026-06-22,2026-06-26,Prism,S&P 500,RL,Ralph Lauren Corporation,Consumer Discretionary,38,191,0.00068139,410.920013,411.200012,当日前50,
2026-06-22,2026-06-26,Prism,S&P 500,MGM,MGM Resorts,Consumer Discretionary,39,107,0.05540052,46.570000,49.150002,当日前50,连续至少3个快照收益为正
2026-06-22,2026-06-26,Prism,S&P 500,CMI,Cummins,Industrials,40,68,-0.05395002,724.929993,685.820007,当日前50,
2026-06-22,2026-06-26,Prism,S&P 500,SWKS,Skyworks Solutions,Information Technology,41,169,-0.10737727,76.180000,68.000000,当日前50,
2026-06-22,2026-06-26,Prism,S&P 500,PCAR,Paccar,Industrials,42,37,0.00466198,120.120003,120.680000,当日前50,
2026-06-22,2026-06-26,Prism,S&P 500,DLTR,Dollar Tree,Consumer Staples,43,11,0.08724658,113.930000,123.870003,当日前50,
2026-06-22,2026-06-26,Prism,S&P 500,BBY,Best Buy,Consumer Discretionary,44,52,0.02236544,76.010002,77.709999,当日前50,连续至少3个快照排名改善
2026-06-22,2026-06-26,Prism,S&P 500,NCLH,Norwegian Cruise Line Holdings,Consumer Discretionary,45,89,0.05963074,20.040001,21.235001,当日前50,连续至少3个快照排名改善
2026-06-22,2026-06-26,Prism,S&P 500,MPWR,Monolithic Power Systems,Information Technology,46,194,-0.14601923,1537.880005,1313.319946,当日前50,
2026-06-22,2026-06-26,Prism,S&P 500,KEYS,Keysight Technologies,Information Technology,47,172,-0.10695343,373.339996,333.410004,当日前50,
2026-06-22,2026-06-26,Prism,S&P 500,SW,Smurfit Westrock,Materials,48,53,0.03547038,45.389999,47.000000,当日前50,
2026-06-22,2026-06-26,Prism,S&P 500,HUM,Humana,Health Care,49,19,0.06412177,360.720001,383.850006,当日前50,
2026-06-22,2026-06-26,Prism,S&P 500,LUV,Southwest Airlines,Industrials,50,56,0.06835494,48.570000,51.889999,当日前50,连续至少3个快照收益为正；连续至少3个快照排名改善
2026-06-22,2026-06-26,Prism,S&P 500,BAX,Baxter International,Health Care,51,12,0.12105805,19.660000,22.040001,加粗信号,连续至少3个快照收益为正；连续至少3个快照排名改善
2026-06-22,2026-06-26,Prism,S&P 500,TECH,Bio-Techne,Health Care,53,4,0.27674877,55.610001,71.000000,加粗信号,连续至少3个快照收益为正；连续至少3个快照排名改善
2026-06-22,2026-06-26,Prism,S&P 500,RVTY,Revvity,Health Care,54,9,0.14039781,99.040001,112.945000,加粗信号,连续至少3个快照收益为正；连续至少3个快照排名改善
2026-06-22,2026-06-26,Prism,S&P 500,EW,Edwards Lifesciences,Health Care,56,39,0.05693992,85.879997,90.769997,加粗信号,连续至少3个快照收益为正；连续至少3个快照排名改善
2026-06-22,2026-06-26,Prism,S&P 500,RCL,Royal Caribbean Group,Consumer Discretionary,58,97,0.02863982,309.359985,318.220001,加粗信号,连续至少3个快照收益为正
2026-06-22,2026-06-26,Prism,S&P 500,ZBH,Zimmer Biomet,Health Care,59,15,0.06877949,87.089996,93.080002,加粗信号,连续至少3个快照收益为正；连续至少3个快照排名改善
2026-06-22,2026-06-26,Prism,S&P 500,UAL,United Airlines Holdings,Industrials,61,44,0.14686553,118.680000,136.110001,加粗信号,连续至少3个快照收益为正；连续至少3个快照排名改善
2026-06-22,2026-06-26,Prism,S&P 500,CRL,Charles River Laboratories,Health Care,64,10,0.19068074,181.559998,216.179993,加粗信号,连续至少3个快照收益为正；连续至少3个快照排名改善
2026-06-22,2026-06-26,Prism,S&P 500,HRL,Hormel Foods,Consumer Staples,71,16,0.09954373,24.110001,26.510000,加粗信号,连续至少3个快照收益为正；连续至少3个快照排名改善
2026-06-22,2026-06-26,Prism,S&P 500,ROP,Roper Technologies,Information Technology,72,38,0.04066567,325.089996,338.309998,加粗信号,连续至少3个快照收益为正
2026-06-22,2026-06-26,Prism,S&P 500,CAH,Cardinal Health,Health Care,73,36,0.06837566,222.740005,237.970001,加粗信号,连续至少3个快照收益为正；连续至少3个快照排名改善
2026-06-22,2026-06-26,Prism,S&P 500,GE,GE Aerospace,Industrials,74,83,0.03753666,355.119995,368.450012,加粗信号,连续至少3个快照收益为正；连续至少3个快照排名改善
2026-06-22,2026-06-26,Prism,S&P 500,DAL,Delta Air Lines,Industrials,81,120,0.07716486,85.919998,92.550003,加粗信号,连续至少3个快照收益为正
2026-06-22,2026-06-26,Prism,S&P 500,A,Agilent Technologies,Health Care,83,45,0.07518383,126.489998,136.000000,加粗信号,连续至少3个快照收益为正；连续至少3个快照排名改善
2026-06-22,2026-06-26,Prism,S&P 500,VRTX,Vertex Pharmaceuticals,Health Care,88,43,0.05259322,466.790009,491.339996,加粗信号,连续至少3个快照收益为正；连续至少3个快照排名改善
2026-06-22,2026-06-26,Prism,S&P 500,BDX,Becton Dickinson,Health Care,91,25,0.10813017,140.710007,155.925003,加粗信号,连续至少3个快照收益为正；连续至少3个快照排名改善
2026-06-22,2026-06-26,Prism,S&P 500,INCY,Incyte,Health Care,97,35,0.09733741,103.660004,113.750000,加粗信号,连续至少3个快照排名改善
2026-06-22,2026-06-26,Prism,S&P 500,GL,Globe Life,Financials,98,63,0.04062767,172.050003,179.039993,加粗信号,连续至少3个快照收益为正
2026-06-22,2026-06-26,Prism,S&P 500,CVS,CVS Health,Health Care,105,69,0.02976307,101.300003,104.315002,加粗信号,连续至少3个快照收益为正
2026-06-22,2026-06-26,Prism,S&P 500,GPC,Genuine Parts Company,Consumer Discretionary,108,64,0.10360574,105.110001,116.000000,加粗信号,连续至少3个快照收益为正
2026-06-22,2026-06-26,Prism,S&P 500,GEHC,GE HealthCare,Health Care,109,40,0.08443276,60.639999,65.760002,加粗信号,连续至少3个快照收益为正；连续至少3个快照排名改善
2026-06-22,2026-06-26,Prism,S&P 500,STE,Steris,Health Care,110,49,0.07628496,200.399994,215.687500,加粗信号,连续至少3个快照收益为正；连续至少3个快照排名改善
2026-06-22,2026-06-26,Prism,S&P 500,SYK,Stryker Corporation,Health Care,112,23,0.09097772,304.690002,332.410004,加粗信号,连续至少3个快照收益为正；连续至少3个快照排名改善
2026-06-22,2026-06-26,Prism,S&P 500,ABBV,AbbVie,Health Care,114,31,0.09460463,230.009995,251.770004,加粗信号,连续至少3个快照收益为正
2026-06-22,2026-06-26,Prism,S&P 500,MNST,Monster Beverage,Consumer Staples,121,121,0.03612127,93.019997,96.379997,加粗信号,连续至少3个快照收益为正
2026-06-22,2026-06-26,Prism,S&P 500,MTD,Mettler Toledo,Health Care,122,32,0.08584540,1164.069946,1264.000000,加粗信号,连续至少3个快照排名改善
2026-06-22,2026-06-26,Prism,S&P 500,PNC,PNC Financial Services,Financials,123,141,0.04486387,234.710007,245.240005,加粗信号,连续至少3个快照收益为正
2026-06-22,2026-06-26,Prism,S&P 500,DG,Dollar General,Consumer Staples,124,73,0.06304467,112.459999,119.550003,加粗信号,连续至少3个快照排名改善
2026-06-22,2026-06-26,Prism,S&P 500,WFC,Wells Fargo,Financials,125,186,0.00047711,83.839996,83.879997,加粗信号,连续至少3个快照收益为正
2026-06-22,2026-06-26,Prism,S&P 500,AMGN,Amgen,Health Care,126,163,0.03948128,344.720001,358.329987,加粗信号,连续至少3个快照收益为正
2026-06-22,2026-06-26,Prism,Nasdaq 200,MU,Micron Technology,Information Technology,1,4,-0.06525619,1211.380005,1132.329956,当日前50,
2026-06-22,2026-06-26,Prism,Nasdaq 200,MRVL,Marvell Technology,Information Technology,2,2,-0.13346975,307.859985,266.769989,当日前50,
2026-06-22,2026-06-26,Prism,Nasdaq 200,AMAT,Applied Materials,Information Technology,3,1,-0.02083784,640.179993,626.840027,当日前50,
2026-06-22,2026-06-26,Prism,Nasdaq 200,KLAC,KLA Corporation,Information Technology,4,3,-0.07623720,269.160004,248.639999,当日前50,
2026-06-22,2026-06-26,Prism,Nasdaq 200,LRCX,Lam Research,Information Technology,5,5,-0.07435174,409.540009,379.089996,当日前50,
2026-06-22,2026-06-26,Prism,Nasdaq 200,TER,Teradyne,Information Technology,6,7,-0.04407005,457.000000,436.859985,当日前50,
2026-06-22,2026-06-26,Prism,Nasdaq 200,AMD,Advanced Micro Devices,Information Technology,7,14,-0.05447490,551.630005,521.580017,当日前50,
2026-06-22,2026-06-26,Prism,Nasdaq 200,SNDK,Sandisk,Information Technology,8,38,-0.08049330,2273.729980,2090.709961,当日前50,
2026-06-22,2026-06-26,Prism,Nasdaq 200,STX,Seagate Technology,Information Technology,9,155,-0.17745239,1094.040039,899.900024,当日前50,
2026-06-22,2026-06-26,Prism,Nasdaq 200,WDC,Western Digital,Information Technology,10,104,-0.19951678,732.619995,586.450012,当日前50,
2026-06-22,2026-06-26,Prism,Nasdaq 200,CRDO,CREDO TECHNOLOGY GROUP HOLDING LTD,Information Technology,11,130,-0.21327513,302.519989,238.000000,当日前50,
2026-06-22,2026-06-26,Prism,Nasdaq 200,ALAB,"Astera Labs, Inc. - Common Stock",,12,76,-0.10899334,439.660004,391.739990,当日前50,
2026-06-22,2026-06-26,Prism,Nasdaq 200,ARM,Arm Holdings plc - American Depositary Shares,,13,142,-0.18014817,407.720001,334.269989,当日前50,
2026-06-22,2026-06-26,Prism,Nasdaq 200,ADI,Analog Devices,Information Technology,14,15,-0.13147617,445.480011,386.910004,当日前50,
2026-06-22,2026-06-26,Prism,Nasdaq 200,ON,ON Semiconductor,Information Technology,15,166,-0.31090840,131.550003,90.650002,当日前50,
2026-06-22,2026-06-26,Prism,Nasdaq 200,INTC,Intel,Information Technology,16,13,-0.08954162,140.940002,128.320007,当日前50,
2026-06-22,2026-06-26,Prism,Nasdaq 200,TXN,Texas Instruments,Information Technology,17,30,-0.14101063,332.279999,285.424988,当日前50,
2026-06-22,2026-06-26,Prism,Nasdaq 200,MCHP,Microchip Technology,Information Technology,18,51,-0.14390029,102.709999,87.930000,当日前50,
2026-06-22,2026-06-26,Prism,Nasdaq 200,NBIS,Nebius Group N.V. - Class A Ordinary Shares,,19,112,-0.15270965,283.609985,240.300003,当日前50,
2026-06-22,2026-06-26,Prism,Nasdaq 200,NTAP,NetApp,Information Technology,20,73,-0.03701599,158.309998,152.449997,当日前50,
2026-06-22,2026-06-26,Prism,Nasdaq 200,NXPI,NXP Semiconductors,Information Technology,21,78,-0.14298974,323.239990,277.019989,当日前50,
2026-06-22,2026-06-26,Prism,Nasdaq 200,TLN,Talen Energy Corporation - Common Stock,,22,61,-0.07767278,438.119995,404.089996,当日前50,
2026-06-22,2026-06-26,Prism,Nasdaq 200,OKTA,"Okta, Inc. - Class A Common Stock",,23,8,0.07193373,115.940002,124.279999,当日前50,连续至少3个快照收益为正
2026-06-22,2026-06-26,Prism,Nasdaq 200,QCOM,Qualcomm,Information Technology,24,97,-0.14650742,221.899994,189.389999,当日前50,
2026-06-22,2026-06-26,Prism,Nasdaq 200,FSLR,First Solar,Information Technology,25,80,-0.09136855,263.109985,239.070007,当日前50,
2026-06-22,2026-06-26,Prism,Nasdaq 200,FLEX,Flex Ltd.,Information Technology,26,147,-0.05846865,155.809998,146.699997,当日前50,
2026-06-22,2026-06-26,Prism,Nasdaq 200,PCAR,Paccar,Industrials,27,18,0.00466198,120.120003,120.680000,当日前50,连续至少3个快照排名改善
2026-06-22,2026-06-26,Prism,Nasdaq 200,DLTR,Dollar Tree,Consumer Staples,28,9,0.08724658,113.930000,123.870003,当日前50,连续至少3个快照排名改善
2026-06-22,2026-06-26,Prism,Nasdaq 200,MPWR,Monolithic Power Systems,Information Technology,29,65,-0.14601923,1537.880005,1313.319946,当日前50,
2026-06-22,2026-06-26,Prism,Nasdaq 200,WWD,"Woodward, Inc. - Common Stock",,30,20,0.01124593,426.820007,431.619995,当日前50,连续至少3个快照收益为正；连续至少3个快照排名改善
2026-06-22,2026-06-26,Prism,Nasdaq 200,AVGO,Broadcom,Information Technology,31,27,-0.06913528,392.130005,365.019989,当日前50,连续至少3个快照排名改善
2026-06-22,2026-06-26,Prism,Nasdaq 200,CSCO,Cisco,Information Technology,32,55,-0.06385256,121.529999,113.769997,当日前50,
2026-06-22,2026-06-26,Prism,Nasdaq 200,UAL,United Airlines Holdings,Industrials,33,25,0.14686553,118.680000,136.110001,当日前50,连续至少3个快照收益为正；连续至少3个快照排名改善
2026-06-22,2026-06-26,Prism,Nasdaq 200,ICLR,ICON plc - Ordinary Shares,,34,6,0.20699216,140.729996,169.860001,当日前50,连续至少3个快照收益为正；连续至少3个快照排名改善
2026-06-22,2026-06-26,Prism,Nasdaq 200,NVDA,Nvidia,Information Technology,35,40,-0.07725854,208.649994,192.529999,当日前50,连续至少3个快照排名改善
2026-06-22,2026-06-26,Prism,Nasdaq 200,IDXX,Idexx Laboratories,Health Care,36,28,0.01057303,545.729980,551.500000,当日前50,
2026-06-22,2026-06-26,Prism,Nasdaq 200,ROP,Roper Technologies,Information Technology,37,19,0.04066567,325.089996,338.309998,当日前50,连续至少3个快照收益为正
2026-06-22,2026-06-26,Prism,Nasdaq 200,CDW,CDW Corporation,Information Technology,38,41,0.07874082,123.570000,133.300003,当日前50,
2026-06-22,2026-06-26,Prism,Nasdaq 200,FFIV,"F5, Inc.",Information Technology,39,46,0.00833187,391.269989,394.529999,当日前50,
2026-06-22,2026-06-26,Prism,Nasdaq 200,GFS,GlobalFoundries Inc. - Ordinary Share,,40,164,-0.11029329,89.669998,79.779999,当日前50,
2026-06-22,2026-06-26,Prism,Nasdaq 200,GH,GUARDANT HEALTH INC,Health Care,41,12,0.15827058,128.830002,149.220001,当日前50,连续至少3个快照收益为正
2026-06-22,2026-06-26,Prism,Nasdaq 200,ZBRA,Zebra Technologies,Information Technology,42,49,0.02376978,245.690002,251.529999,当日前50,
2026-06-22,2026-06-26,Prism,Nasdaq 200,VRTX,Vertex Pharmaceuticals,Health Care,43,23,0.05259322,466.790009,491.339996,当日前50,连续至少3个快照收益为正；连续至少3个快照排名改善
2026-06-22,2026-06-26,Prism,Nasdaq 200,PANW,Palo Alto Networks,Information Technology,44,26,0.06215090,286.399994,304.200012,当日前50,
2026-06-22,2026-06-26,Prism,Nasdaq 200,DXCM,Dexcom,Health Care,45,35,0.01549152,69.070000,70.139999,当日前50,连续至少3个快照排名改善
2026-06-22,2026-06-26,Prism,Nasdaq 200,ILMN,"Illumina, Inc. - Common Stock",,46,31,0.09400172,161.380005,176.550003,当日前50,连续至少3个快照收益为正；连续至少3个快照排名改善
2026-06-22,2026-06-26,Prism,Nasdaq 200,INCY,Incyte,Health Care,47,17,0.09733741,103.660004,113.750000,当日前50,
2026-06-22,2026-06-26,Prism,Nasdaq 200,STLD,Steel Dynamics,Materials,48,139,-0.02187422,250.979996,245.490005,当日前50,
2026-06-22,2026-06-26,Prism,Nasdaq 200,KDP,Keurig Dr Pepper,Consumer Staples,49,29,0.08195663,30.870001,33.400002,当日前50,连续至少3个快照排名改善
2026-06-22,2026-06-26,Prism,Nasdaq 200,FTNT,Fortinet,Information Technology,50,36,0.04099324,145.389999,151.350006,当日前50,
2026-06-22,2026-06-26,Prism,Nasdaq 200,GEHC,GE HealthCare,Health Care,51,21,0.08443276,60.639999,65.760002,加粗信号,连续至少3个快照收益为正；连续至少3个快照排名改善
2026-06-22,2026-06-26,Prism,Nasdaq 200,NTRA,"Natera, Inc. - Common Stock",,55,10,0.14471154,228.800003,261.910004,加粗信号,连续至少3个快照收益为正；连续至少3个快照排名改善
2026-06-22,2026-06-26,Prism,Nasdaq 200,MNST,Monster Beverage,Consumer Staples,56,50,0.03612127,93.019997,96.379997,加粗信号,连续至少3个快照收益为正
2026-06-22,2026-06-26,Prism,Nasdaq 200,AMGN,Amgen,Health Care,57,58,0.03948128,344.720001,358.329987,加粗信号,连续至少3个快照收益为正
2026-06-22,2026-06-26,Prism,Nasdaq 200,COO,Cooper Companies (The),Health Care,59,22,0.08560072,65.419998,71.019997,加粗信号,连续至少3个快照收益为正；连续至少3个快照排名改善
2026-06-22,2026-06-26,Prism,Nasdaq 200,EXPE,Expedia Group,Consumer Discretionary,61,39,0.10410883,238.020004,262.799988,加粗信号,连续至少3个快照排名改善
2026-06-22,2026-06-26,Prism,Nasdaq 200,ISRG,Intuitive Surgical,Health Care,63,42,0.00326586,402.950012,404.265991,加粗信号,连续至少3个快照排名改善
2026-06-22,2026-06-26,Prism,Nasdaq 200,AEP,American Electric Power,Utilities,64,45,0.06438986,130.300003,138.690002,加粗信号,连续至少3个快照收益为正
2026-06-22,2026-06-26,Prism,Nasdaq 200,RVMD,"Revolution Medicines, Inc. - Common Stock",,65,24,0.09812439,165.809998,182.080002,加粗信号,连续至少3个快照收益为正；连续至少3个快照排名改善
2026-06-22,2026-06-26,Prism,Nasdaq 200,DASH,DoorDash,Consumer Discretionary,66,34,0.06398183,172.080002,183.089996,加粗信号,连续至少3个快照排名改善
2026-06-22,2026-06-26,Prism,Nasdaq 200,PODD,Insulet Corporation,Health Care,69,11,0.13873497,138.970001,158.250000,加粗信号,连续至少3个快照收益为正；连续至少3个快照排名改善
2026-06-22,2026-06-26,Prism,Nasdaq 200,KMB,Kimberly-Clark,Consumer Staples,72,47,0.08825874,100.500000,109.370003,加粗信号,连续至少3个快照收益为正；连续至少3个快照排名改善
2026-06-22,2026-06-26,Prism,Nasdaq 200,MEDP,"Medpace Holdings, Inc. - Common Stock",,74,16,0.15671773,455.660004,527.070007,加粗信号,连续至少3个快照收益为正；连续至少3个快照排名改善
2026-06-22,2026-06-26,Prism,Nasdaq 200,LNT,Alliant Energy,Utilities,77,60,0.05518373,73.209999,77.250000,加粗信号,连续至少3个快照收益为正
2026-06-22,2026-06-26,Prism,Nasdaq 200,TTWO,Take-Two Interactive,Communication Services,80,48,-0.00434115,239.570007,238.529999,加粗信号,连续至少3个快照排名改善
2026-06-22,2026-06-26,Prism,Nasdaq 200,XEL,Xcel Energy,Utilities,85,82,0.04339558,78.809998,82.230003,加粗信号,连续至少3个快照收益为正
2026-06-22,2026-06-26,Prism,Nasdaq 200,EVRG,Evergy,Utilities,88,62,0.04756756,83.250000,87.209999,加粗信号,连续至少3个快照收益为正；连续至少3个快照排名改善
2026-06-22,2026-06-26,Prism,Nasdaq 200,ABNB,Airbnb,Consumer Discretionary,92,56,0.04576475,139.190002,145.559998,加粗信号,连续至少3个快照排名改善
2026-06-22,2026-06-26,Prism,Nasdaq 200,CCEP,Coca-Cola Europacific Partners plc - Ordinary Shares,,95,68,0.04753550,96.980003,101.589996,加粗信号,连续至少3个快照收益为正；连续至少3个快照排名改善
2026-06-22,2026-06-26,Prism,Nasdaq 200,LLYVA,"Liberty Live Holdings, Inc. - Series A Liberty Live Group Common Stock",,101,85,0.05562619,94.379997,99.629997,加粗信号,连续至少3个快照收益为正
2026-06-22,2026-06-26,Prism,Nasdaq 200,EA,Electronic Arts,Communication Services,102,93,0.01123318,202.970001,205.250000,加粗信号,连续至少3个快照收益为正；连续至少3个快照排名改善
2026-06-22,2026-06-26,Prism,Nasdaq 200,REGN,Regeneron Pharmaceuticals,Health Care,109,79,0.03330616,612.500000,632.900024,加粗信号,连续至少3个快照排名改善
2026-06-22,2026-06-26,Prism,Nasdaq 200,IONS,"Ionis Pharmaceuticals, Inc. - Common Stock",,110,64,0.06970616,75.889999,81.180000,加粗信号,连续至少3个快照收益为正
2026-06-22,2026-06-26,Prism,Nasdaq 200,NWS,News Corp (Class B),Communication Services,113,135,0.02901146,27.920000,28.730000,加粗信号,连续至少3个快照排名改善
2026-06-22,2026-06-26,Prism,Nasdaq 200,FWONA,Liberty Media Corporation - Series A Liberty Formula One Common Stock,,115,84,0.03022209,82.389999,84.879997,加粗信号,连续至少3个快照排名改善
2026-06-22,2026-06-26,Prism,Nasdaq 200,SHOP,Shopify Inc. - Class A Subordinate Voting Shares,,116,57,0.08223743,107.980003,116.860001,加粗信号,连续至少3个快照排名改善
2026-06-22,2026-06-26,Prism,Nasdaq 200,CSX,CSX Corporation,Industrials,119,111,0.03160171,46.200001,47.660000,加粗信号,连续至少3个快照排名改善
2026-06-22,2026-06-26,Prism,Nasdaq 200,WBD,Warner Bros. Discovery,Communication Services,122,117,-0.00779224,26.950001,26.740000,加粗信号,连续至少3个快照排名改善
2026-06-22,2026-06-26,Prism,Nasdaq 200,FWONK,Liberty Media Corporation - Series C Liberty Formula One Common Stock,,126,87,0.03156127,89.349998,92.169998,加粗信号,连续至少3个快照排名改善
2026-06-22,2026-06-26,Prism,Nasdaq 200,TEM,"Tempus AI, Inc. - Class A Common Stock",,131,52,0.17324976,47.849998,56.139999,加粗信号,连续至少3个快照收益为正
2026-06-22,2026-06-26,Prism,Nasdaq Liquid 500,MU,Micron Technology,Information Technology,1,18,-0.06525619,1211.380005,1132.329956,当日前50,
2026-06-22,2026-06-26,Prism,Nasdaq Liquid 500,MRVL,Marvell Technology,Information Technology,2,2,-0.13346975,307.859985,266.769989,当日前50,
2026-06-22,2026-06-26,Prism,Nasdaq Liquid 500,AMAT,Applied Materials,Information Technology,3,1,-0.02083784,640.179993,626.840027,当日前50,
2026-06-22,2026-06-26,Prism,Nasdaq Liquid 500,KLAC,KLA Corporation,Information Technology,4,3,-0.07623720,269.160004,248.639999,当日前50,
2026-06-22,2026-06-26,Prism,Nasdaq Liquid 500,LRCX,Lam Research,Information Technology,5,20,-0.07435174,409.540009,379.089996,当日前50,
2026-06-22,2026-06-26,Prism,Nasdaq Liquid 500,TER,Teradyne,Information Technology,6,37,-0.04407005,457.000000,436.859985,当日前50,
2026-06-22,2026-06-26,Prism,Nasdaq Liquid 500,APGE,APOGEE THERAPEUTICS INC,Health Care,7,9,-0.00000000,132.550003,132.550003,当日前50,
2026-06-22,2026-06-26,Prism,Nasdaq Liquid 500,DFTX,DEFINIUM THERAPEUTICS INC,Health Care,8,10,0.22579774,36.669998,44.950001,当日前50,
2026-06-22,2026-06-26,Prism,Nasdaq Liquid 500,SYRE,SPYRE THERAPEUTICS INC,Health Care,9,67,-0.12390352,100.320000,87.889999,当日前50,
2026-06-22,2026-06-26,Prism,Nasdaq Liquid 500,TGTX,TG THERAPEUTICS INC,Health Care,10,15,0.02628677,54.400002,55.830002,当日前50,
2026-06-22,2026-06-26,Prism,Nasdaq Liquid 500,TWST,TWIST BIOSCIENCE CORP,Health Care,11,14,0.17224373,85.169998,99.839996,当日前50,
2026-06-22,2026-06-26,Prism,Nasdaq Liquid 500,AMD,Advanced Micro Devices,Information Technology,12,74,-0.05447490,551.630005,521.580017,当日前50,
2026-06-22,2026-06-26,Prism,Nasdaq Liquid 500,SNDK,Sandisk,Information Technology,13,112,-0.08049330,2273.729980,2090.709961,当日前50,
2026-06-22,2026-06-26,Prism,Nasdaq Liquid 500,STX,Seagate Technology,Information Technology,14,370,-0.17745239,1094.040039,899.900024,当日前50,
2026-06-22,2026-06-26,Prism,Nasdaq Liquid 500,WDC,Western Digital,Information Technology,15,273,-0.19951678,732.619995,586.450012,当日前50,
2026-06-22,2026-06-26,Prism,Nasdaq Liquid 500,COHU,COHU INC,Information Technology,17,172,-0.08548591,70.070000,64.080002,当日前50,
2026-06-22,2026-06-26,Prism,Nasdaq Liquid 500,CRDO,CREDO TECHNOLOGY GROUP HOLDING LTD,Information Technology,18,316,-0.21327513,302.519989,238.000000,当日前50,
2026-06-22,2026-06-26,Prism,Nasdaq Liquid 500,ICHR,ICHOR HOLDINGS LTD,Information Technology,19,83,-0.05631965,99.610001,94.000000,当日前50,
2026-06-22,2026-06-26,Prism,Nasdaq Liquid 500,OUST,OUSTER INC,Information Technology,20,446,-0.11870806,47.680000,42.020000,当日前50,
2026-06-22,2026-06-26,Prism,Nasdaq Liquid 500,PAYO,PAYONEER GLOBAL INC,Financials,21,34,0.01566952,7.020000,7.130000,当日前50,
2026-06-22,2026-06-26,Prism,Nasdaq Liquid 500,RXT,RACKSPACE TECHNOLOGY INC,Information Technology,22,148,-0.12509145,6.835000,5.980000,当日前50,
2026-06-22,2026-06-26,Prism,Nasdaq Liquid 500,SEZL,SEZZLE INC,Financials,23,38,0.09004919,156.470001,170.559998,当日前50,
2026-06-22,2026-06-26,Prism,Nasdaq Liquid 500,UCTT,ULTRA CLEAN HOLDINGS INC,Information Technology,24,68,-0.03508202,123.139999,118.820000,当日前50,
2026-06-22,2026-06-26,Prism,Nasdaq Liquid 500,WYFI,WHITEFIBER INC,Information Technology,25,123,-0.14518652,44.770000,38.270000,当日前50,
2026-06-22,2026-06-26,Prism,Nasdaq Liquid 500,ALAB,"Astera Labs, Inc. - Common Stock",,26,222,-0.10899334,439.660004,391.739990,当日前50,
2026-06-22,2026-06-26,Prism,Nasdaq Liquid 500,ARM,Arm Holdings plc - American Depositary Shares,,27,339,-0.18014817,407.720001,334.269989,当日前50,
2026-06-22,2026-06-26,Prism,Nasdaq Liquid 500,CAST,"FreeCast, Inc. - Class A common stock",,29,26,-0.22256099,9.840000,7.650000,当日前50,
2026-06-22,2026-06-26,Prism,Nasdaq Liquid 500,CRVO,CervoMed Inc. - Common Stock,,30,325,-0.15496370,4.130000,3.490000,当日前50,
2026-06-22,2026-06-26,Prism,Nasdaq Liquid 500,EHGO,Eshallgo Inc. - Class A Ordinary Shares,,31,28,-0.04679802,4.060000,3.870000,当日前50,
2026-06-22,2026-06-26,Prism,Nasdaq Liquid 500,FRMI,Fermi Inc. - Common Stock,,32,49,0.05797098,8.970000,9.490000,当日前50,
2026-06-22,2026-06-26,Prism,Nasdaq Liquid 500,ICCM,IceCure Medical Ltd. - Ordinary Shares,,34,439,0.00505905,5.930000,5.960000,当日前50,
2026-06-22,2026-06-26,Prism,Nasdaq Liquid 500,INHD,Inno Holdings Inc. - Common Stock,,35,30,0.00000001,39.490002,39.490002,当日前50,
2026-06-22,2026-06-26,Prism,Nasdaq Liquid 500,KEEL,Keel Infrastructure Corp. - Common Stock,,36,276,-0.09459457,6.660000,6.030000,当日前50,
2026-06-22,2026-06-26,Prism,Nasdaq Liquid 500,QURE,uniQure N.V. - Ordinary Shares,,38,32,0.07028607,44.389999,47.509998,当日前50,
2026-06-22,2026-06-26,Prism,Nasdaq Liquid 500,SHAZ,"SharonAI Holdings, Inc. - Class A Common Stock",,39,129,-0.10727886,91.910004,82.050003,当日前50,
2026-06-22,2026-06-26,Prism,Nasdaq Liquid 500,ADI,Analog Devices,Information Technology,42,76,-0.13147617,445.480011,386.910004,当日前50,
2026-06-22,2026-06-26,Prism,Nasdaq Liquid 500,ON,ON Semiconductor,Information Technology,43,401,-0.31090840,131.550003,90.650002,当日前50,
2026-06-22,2026-06-26,Prism,Nasdaq Liquid 500,ENTG,"Entegris, Inc. - Common Stock",,44,243,-0.12266308,184.000000,161.429993,当日前50,
2026-06-22,2026-06-26,Prism,Nasdaq Liquid 500,INTC,Intel,Information Technology,45,73,-0.08954162,140.940002,128.320007,当日前50,
2026-06-22,2026-06-26,Prism,Nasdaq Liquid 500,ORKA,ORUKA THERAPEUTICS INC,Health Care,46,12,0.06113845,85.379997,90.599998,当日前50,
2026-06-22,2026-06-26,Prism,Nasdaq Liquid 500,TXN,Texas Instruments,Information Technology,47,101,-0.14101063,332.279999,285.424988,当日前50,
2026-06-22,2026-06-26,Prism,Nasdaq Liquid 500,TXG,10X GENOMICS INC CLASS A,Health Care,48,19,0.11566489,32.939999,36.750000,当日前50,
2026-06-22,2026-06-26,Prism,Nasdaq Liquid 500,MCHP,Microchip Technology,Information Technology,49,150,-0.14390029,102.709999,87.930000,当日前50,
2026-06-22,2026-06-26,Prism,Nasdaq Liquid 500,MKSI,MKS Inc. - Common Stock,,50,133,-0.07597017,420.559998,388.609985,当日前50,
2026-06-22,2026-06-26,Prism,Nasdaq Liquid 500,KYMR,KYMERA THERAPEUTICS INC,Health Care,54,11,0.08717955,99.449997,108.120003,加粗信号,连续至少3个快照排名改善
2026-06-22,2026-06-26,Prism,Nasdaq Liquid 500,CORT,Corcept Therapeutics Incorporated - Common Stock,,55,51,0.09547110,79.709999,87.320000,加粗信号,连续至少3个快照收益为正；连续至少3个快照排名改善
2026-06-22,2026-06-26,Prism,Nasdaq Liquid 500,ADPT,ADAPTIVE BIOTECHNOLOGIES CORP,Health Care,59,6,0.20667806,17.370001,20.959999,加粗信号,连续至少3个快照排名改善
2026-06-22,2026-06-26,Prism,Nasdaq Liquid 500,ALHC,ALIGNMENT HEALTHCARE INC,Health Care,61,7,0.08924378,21.290001,23.190001,加粗信号,连续至少3个快照收益为正
2026-06-22,2026-06-26,Prism,Nasdaq Liquid 500,TVTX,TRAVERE THERAPEUTICS INC,Health Care,64,62,0.06786422,55.110001,58.849998,加粗信号,连续至少3个快照收益为正；连续至少3个快照排名改善
2026-06-22,2026-06-26,Prism,Nasdaq Liquid 500,WSBC,WESBANCO INC,Financials,66,119,0.05722066,36.700001,38.799999,加粗信号,连续至少3个快照收益为正；连续至少3个快照排名改善
2026-06-22,2026-06-26,Prism,Nasdaq Liquid 500,AAL,"American Airlines Group, Inc. - Common Stock",,68,61,0.11131848,16.080000,17.870001,加粗信号,连续至少3个快照收益为正
2026-06-22,2026-06-26,Prism,Nasdaq Liquid 500,ALKS,ALKERMES,Health Care,70,8,0.19687096,46.020000,55.080002,加粗信号,连续至少3个快照收益为正；连续至少3个快照排名改善
2026-06-22,2026-06-26,Prism,Nasdaq Liquid 500,OKTA,"Okta, Inc. - Class A Common Stock",,72,40,0.07193373,115.940002,124.279999,加粗信号,连续至少3个快照收益为正
2026-06-22,2026-06-26,Prism,Nasdaq Liquid 500,LGND,LIGAND PHARMACEUTICALS INC,Health Care,75,16,0.15798902,262.170013,303.589996,加粗信号,连续至少3个快照收益为正
2026-06-22,2026-06-26,Prism,Nasdaq Liquid 500,CAKE,CHEESECAKE FACTORY INC,Consumer Discretionary,78,75,0.04511758,76.910004,80.379997,加粗信号,连续至少3个快照收益为正；连续至少3个快照排名改善
2026-06-22,2026-06-26,Prism,Nasdaq Liquid 500,LQDA,LIQUIDIA CORP,Health Care,79,45,0.03550139,75.489998,78.169998,加粗信号,连续至少3个快照排名改善
2026-06-22,2026-06-26,Prism,Nasdaq Liquid 500,TNGX,TANGO THERAPEUTICS INC,Health Care,80,13,0.10421049,28.500000,31.469999,加粗信号,连续至少3个快照排名改善
2026-06-22,2026-06-26,Prism,Nasdaq Liquid 500,PTCT,PTC THERAPEUTICS INC,Health Care,82,58,0.04286068,80.959999,84.430000,加粗信号,连续至少3个快照收益为正；连续至少3个快照排名改善
2026-06-22,2026-06-26,Prism,Nasdaq Liquid 500,VCYT,VERACYTE INC,Health Care,86,21,0.13724391,53.189999,60.490002,加粗信号,连续至少3个快照收益为正；连续至少3个快照排名改善
2026-06-22,2026-06-26,Prism,Nasdaq Liquid 500,VSEC,VSE CORP,Industrials,87,59,0.02059848,215.550003,219.990005,加粗信号,连续至少3个快照排名改善
2026-06-22,2026-06-26,Prism,Nasdaq Liquid 500,PCAR,Paccar,Industrials,92,80,0.00466198,120.120003,120.680000,加粗信号,连续至少3个快照排名改善
2026-06-22,2026-06-26,Prism,Nasdaq Liquid 500,DLTR,Dollar Tree,Consumer Staples,93,43,0.08724658,113.930000,123.870003,加粗信号,连续至少3个快照排名改善
2026-06-22,2026-06-26,Prism,Nasdaq Liquid 500,WWD,"Woodward, Inc. - Common Stock",,98,85,0.01124593,426.820007,431.619995,加粗信号,连续至少3个快照收益为正；连续至少3个快照排名改善
2026-06-22,2026-06-26,Prism,Nasdaq Liquid 500,EBC,EASTERN BANKSHARES INC,Financials,100,154,0.06509162,20.740000,22.090000,加粗信号,连续至少3个快照收益为正；连续至少3个快照排名改善
2026-06-22,2026-06-26,Prism,Nasdaq Liquid 500,AVGO,Broadcom,Information Technology,101,94,-0.06913528,392.130005,365.019989,加粗信号,连续至少3个快照排名改善
2026-06-22,2026-06-26,Prism,Nasdaq Liquid 500,TECH,Bio-Techne,Health Care,103,4,0.27674877,55.610001,71.000000,加粗信号,连续至少3个快照收益为正；连续至少3个快照排名改善
2026-06-22,2026-06-26,Prism,Nasdaq Liquid 500,DAVE,DAVE INC CLASS A,Financials,105,52,0.12588787,309.720001,348.709991,加粗信号,连续至少3个快照排名改善
2026-06-22,2026-06-26,Prism,Nasdaq Liquid 500,RYTM,RHYTHM PHARMACEUTICALS INC,Health Care,106,54,0.08334152,101.389999,109.839996,加粗信号,连续至少3个快照收益为正；连续至少3个快照排名改善
2026-06-22,2026-06-26,Prism,Nasdaq Liquid 500,CVLT,COMMVAULT SYSTEMS INC,Information Technology,107,48,0.11134030,126.010002,140.039993,加粗信号,连续至少3个快照排名改善
2026-06-22,2026-06-26,Prism,Nasdaq Liquid 500,KRYS,KRYSTAL BIOTECH INC,Health Care,109,53,0.08391814,343.429993,372.250000,加粗信号,连续至少3个快照排名改善
2026-06-22,2026-06-26,Prism,Nasdaq Liquid 500,ARCB,ARCBEST CORP,Industrials,111,182,0.00899724,145.600006,146.910004,加粗信号,连续至少3个快照排名改善
2026-06-22,2026-06-26,Prism,Nasdaq Liquid 500,PTGX,PROTAGONIST THERAPEUTICS INC,Health Care,114,55,0.05954967,115.029999,121.879997,加粗信号,连续至少3个快照收益为正；连续至少3个快照排名改善
2026-06-22,2026-06-26,Prism,Nasdaq Liquid 500,MIDD,The Middleby Corporation - Common Stock,,115,139,0.04026407,166.649994,173.360001,加粗信号,连续至少3个快照排名改善
2026-06-22,2026-06-26,Prism,Nasdaq Liquid 500,ICLR,ICON plc - Ordinary Shares,,117,25,0.20699216,140.729996,169.860001,加粗信号,连续至少3个快照收益为正；连续至少3个快照排名改善
2026-06-22,2026-06-26,Prism,Russell,ABSI,ABSCI CORP,Health Care,1,11,0.29642863,8.400000,10.890000,当日前50,
2026-06-22,2026-06-26,Prism,Russell,APGE,APOGEE THERAPEUTICS INC,Health Care,2,20,-0.00000000,132.550003,132.550003,当日前50,
2026-06-22,2026-06-26,Prism,Russell,CLPT,CLEARPOINT NEURO INC,Health Care,3,1,0.08323567,17.059999,18.480000,当日前50,
2026-06-22,2026-06-26,Prism,Russell,DFTX,DEFINIUM THERAPEUTICS INC,Health Care,4,21,0.22579774,36.669998,44.950001,当日前50,
2026-06-22,2026-06-26,Prism,Russell,NVCT,NUVECTIS PHARMA INC,Health Care,5,16,0.64488807,16.530001,27.190001,当日前50,连续至少3个快照收益为正
2026-06-22,2026-06-26,Prism,Russell,REPL,REPLIMUNE GROUP INC,Health Care,6,2,0.04025042,11.180000,11.630000,当日前50,
2026-06-22,2026-06-26,Prism,Russell,RGNX,REGENXBIO INC,Health Care,7,8,0.15545759,9.070000,10.480000,当日前50,连续至少3个快照收益为正
2026-06-22,2026-06-26,Prism,Russell,RNAC,CARTESIAN THERAPEUTICS INC,Health Care,8,168,-0.05326631,9.950000,9.420000,当日前50,
2026-06-22,2026-06-26,Prism,Russell,RZLT,REZOLUTE INC,Health Care,9,9,-0.02135924,5.150000,5.040000,当日前50,
2026-06-22,2026-06-26,Prism,Russell,SYRE,SPYRE THERAPEUTICS INC,Health Care,10,206,-0.12390352,100.320000,87.889999,当日前50,
2026-06-22,2026-06-26,Prism,Russell,TGTX,TG THERAPEUTICS INC,Health Care,11,28,0.02628677,54.400002,55.830002,当日前50,
2026-06-22,2026-06-26,Prism,Russell,TWST,TWIST BIOSCIENCE CORP,Health Care,12,4,0.17224373,85.169998,99.839996,当日前50,
2026-06-22,2026-06-26,Prism,Russell,BFLY,BUTTERFLY NETWORK INC CLASS A,Health Care,13,23,0.22008253,7.270000,8.870000,当日前50,连续至少3个快照收益为正
2026-06-22,2026-06-26,Prism,Russell,BHVN,BIOHAVEN LTD,Health Care,14,45,0.02064516,15.500000,15.820000,当日前50,
2026-06-22,2026-06-26,Prism,Russell,KRRO,KORRO BIO INC,Health Care,15,1494,-0.08633091,13.900000,12.700000,当日前50,
2026-06-22,2026-06-26,Prism,Russell,HIMS,HIMS HERS HEALTH INC CLASS A,Health Care,16,156,0.01021461,33.540001,33.882599,当日前50,
2026-06-22,2026-06-26,Prism,Russell,HROW,HARROW INC,Health Care,17,173,-0.00801697,42.410000,42.070000,当日前50,
2026-06-22,2026-06-26,Prism,Russell,ALNT,ALLIENT INC,Industrials,18,210,-0.01164205,98.779999,97.629997,当日前50,
2026-06-22,2026-06-26,Prism,Russell,APPS,DIGITAL TURBINE INC,Information Technology,19,46,0.19675676,9.250000,11.070000,当日前50,连续至少3个快照收益为正
2026-06-22,2026-06-26,Prism,Russell,BBCP,CONCRETE PUMPING HOLDINGS INC,Industrials,20,47,0.02930726,11.260000,11.590000,当日前50,
2026-06-22,2026-06-26,Prism,Russell,CBRL,CRACKER BARREL OLD COUNTRY STORE I,Consumer Discretionary,21,67,0.14592366,46.119999,52.849998,当日前50,
2026-06-22,2026-06-26,Prism,Russell,CDNL,CARDINAL INFRASTRUCTURE GROUP INC,Industrials,22,48,0.16308473,79.099998,92.000000,当日前50,
2026-06-22,2026-06-26,Prism,Russell,COHU,COHU INC,Information Technology,23,803,-0.08548591,70.070000,64.080002,当日前50,
2026-06-22,2026-06-26,Prism,Russell,CRDO,CREDO TECHNOLOGY GROUP HOLDING LTD,Information Technology,24,1396,-0.21327513,302.519989,238.000000,当日前50,
2026-06-22,2026-06-26,Prism,Russell,CTRN,CITI TRENDS INC,Consumer Discretionary,25,124,-0.07029409,63.590000,59.119999,当日前50,
2026-06-22,2026-06-26,Prism,Russell,EXFY,EXPENSIFY INC CLASS A,Information Technology,26,62,-0.01219511,1.640000,1.620000,当日前50,
2026-06-22,2026-06-26,Prism,Russell,FRD,FRIEDMAN INDUSTRIES INC,Materials,27,66,-0.07321673,37.150002,34.430000,当日前50,
2026-06-22,2026-06-26,Prism,Russell,FWRD,FORWARD AIR CORP,Industrials,28,110,0.08351568,13.710000,14.855000,当日前50,
2026-06-22,2026-06-26,Prism,Russell,ICHR,ICHOR HOLDINGS LTD,Information Technology,29,275,-0.05631965,99.610001,94.000000,当日前50,
2026-06-22,2026-06-26,Prism,Russell,LPRO,OPEN LENDING CORP,Financials,30,126,-0.00319492,3.130000,3.120000,当日前50,
2026-06-22,2026-06-26,Prism,Russell,OUST,OUSTER INC,Information Technology,31,1696,-0.11870806,47.680000,42.020000,当日前50,
2026-06-22,2026-06-26,Prism,Russell,PAYO,PAYONEER GLOBAL INC,Financials,32,64,0.01566952,7.020000,7.130000,当日前50,
2026-06-22,2026-06-26,Prism,Russell,RXT,RACKSPACE TECHNOLOGY INC,Information Technology,33,623,-0.12509145,6.835000,5.980000,当日前50,
2026-06-22,2026-06-26,Prism,Russell,SEZL,SEZZLE INC,Financials,34,79,0.09004919,156.470001,170.559998,当日前50,
2026-06-22,2026-06-26,Prism,Russell,UCTT,ULTRA CLEAN HOLDINGS INC,Information Technology,35,220,-0.03508202,123.139999,118.820000,当日前50,
2026-06-22,2026-06-26,Prism,Russell,ULCC,FRONTIER GROUP HOLDINGS INC,Industrials,36,191,0.09943980,7.140000,7.850000,当日前50,连续至少3个快照收益为正
2026-06-22,2026-06-26,Prism,Russell,WYFI,WHITEFIBER INC,Information Technology,37,490,-0.14518652,44.770000,38.270000,当日前50,
2026-06-22,2026-06-26,Prism,Russell,AMC,AMC ENTERTAINMENT HOLDINGS INC CLA,Communication,38,189,-0.22097826,2.760000,2.150100,当日前50,
2026-06-22,2026-06-26,Prism,Russell,ATROB,ASTRONICS CORP CLASS B,Industrials,39,157,-0.00059848,83.550003,83.500000,当日前50,连续至少3个快照收益为正
2026-06-22,2026-06-26,Prism,Russell,CXW,CORECIVIC REIT INC,Industrials,40,52,0.03777404,29.650000,30.770000,当日前50,
2026-06-22,2026-06-26,Prism,Russell,GETY,GETTY IMAGES HOLDINGS INC CLASS A,Communication,41,406,-0.19139129,1.150000,0.929900,当日前50,
2026-06-22,2026-06-26,Prism,Russell,HYLN,HYLIION HOLDINGS CORP,Industrials,42,1874,-0.40434192,7.370000,4.390000,当日前50,
2026-06-22,2026-06-26,Prism,Russell,KSS,KOHLS CORP,Consumer Discretionary,43,54,0.09232952,17.600000,19.225000,当日前50,
2026-06-22,2026-06-26,Prism,Russell,MOV,MOVADO GROUP INC,Consumer Discretionary,44,470,0.00764329,39.250000,39.549999,当日前50,
2026-06-22,2026-06-26,Prism,Russell,OPTU,OPTIMUM COMMUNICATIONS INC CLASS A,Communication,45,57,0.32400000,1.250000,1.655000,当日前50,
2026-06-22,2026-06-26,Prism,Russell,VSH,VISHAY INTERTECHNOLOGY INC,Information Technology,46,1215,-0.12377467,64.269997,56.314999,当日前50,
2026-06-22,2026-06-26,Prism,Russell,VSXY,VICTORIA S SECRET,Consumer Discretionary,47,58,0.09681027,80.570000,88.370003,当日前50,
2026-06-22,2026-06-26,Prism,Russell,WNC,WABASH NATIONAL CORP,Industrials,48,59,0.16397177,12.060000,14.037500,当日前50,连续至少3个快照收益为正
2026-06-22,2026-06-26,Prism,Russell,EPC,EDGEWELL PERSONAL CARE,Consumer Staples,49,24,0.22183102,22.719999,27.760000,当日前50,
2026-06-22,2026-06-26,Prism,Russell,OSUR,ORASURE TECHNOLOGIES INC,Health Care,50,483,0.07211542,4.160000,4.460000,当日前50,连续至少3个快照收益为正
2026-06-22,2026-06-26,Prism,Russell,NEO,NEOGENOMICS INC,Health Care,53,15,0.26517859,11.200000,14.170000,加粗信号,连续至少3个快照收益为正；连续至少3个快照排名改善
2026-06-22,2026-06-26,Prism,Russell,CLOV,CLOVER HEALTH INVESTMENTS CORP CLA,Health Care,54,6,0.05252921,5.140000,5.410000,加粗信号,连续至少3个快照排名改善
2026-06-22,2026-06-26,Prism,Russell,MBX,MBX BIOSCIENCES INC,Health Care,58,7,0.19130041,43.910000,52.310001,加粗信号,连续至少3个快照收益为正；连续至少3个快照排名改善
2026-06-22,2026-06-26,Prism,Russell,TDUP,THREDUP INC CLASS A,Consumer Discretionary,64,50,0.17258886,5.910000,6.930000,加粗信号,连续至少3个快照收益为正；连续至少3个快照排名改善
2026-06-22,2026-06-26,Prism,Russell,AMRX,AMNEAL PHARMACEUTICALS INC CLASS A,Health Care,66,39,0.06952200,16.110001,17.230000,加粗信号,连续至少3个快照收益为正；连续至少3个快照排名改善
2026-06-22,2026-06-26,Prism,Russell,KYMR,KYMERA THERAPEUTICS INC,Health Care,76,19,0.08717955,99.449997,108.120003,加粗信号,连续至少3个快照排名改善
2026-06-22,2026-06-26,Prism,Russell,LIND,LINDBLAD EXPEDITIONS HOLDINGS INC,Consumer Discretionary,81,80,0.15733859,25.549999,29.570000,加粗信号,连续至少3个快照收益为正
2026-06-22,2026-06-26,Prism,Russell,AKTS,AKTIS ONCOLOGY INC,Health Care,82,14,0.18757563,24.790001,29.440001,加粗信号,连续至少3个快照收益为正
2026-06-22,2026-06-26,Prism,Russell,ALGT,ALLEGIANT TRAVEL,Industrials,85,147,0.13623016,102.180000,116.099998,加粗信号,连续至少3个快照收益为正
2026-06-22,2026-06-26,Prism,Russell,ODC,OIL DRI CORPORATION OF AMERICA,Consumer Staples,87,113,0.07549977,94.040001,101.139999,加粗信号,连续至少3个快照收益为正；连续至少3个快照排名改善
2026-06-22,2026-06-26,Prism,Russell,ADPT,ADAPTIVE BIOTECHNOLOGIES CORP,Health Care,88,5,0.20667806,17.370001,20.959999,加粗信号,连续至少3个快照排名改善
2026-06-22,2026-06-26,Prism,Russell,DNLI,DENALI THERAPEUTICS INC,Health Care,89,134,0.06320170,24.049999,25.570000,加粗信号,连续至少3个快照排名改善
2026-06-22,2026-06-26,Prism,Russell,ALHC,ALIGNMENT HEALTHCARE INC,Health Care,91,12,0.08924378,21.290001,23.190001,加粗信号,连续至少3个快照收益为正
2026-06-22,2026-06-26,Prism,Russell,TVTX,TRAVERE THERAPEUTICS INC,Health Care,94,186,0.06786422,55.110001,58.849998,加粗信号,连续至少3个快照收益为正
2026-06-22,2026-06-26,Prism,Russell,WSBC,WESBANCO INC,Financials,103,478,0.05722066,36.700001,38.799999,加粗信号,连续至少3个快照收益为正
2026-06-22,2026-06-26,Prism,Russell,RLAY,RELAY THERAPEUTICS INC,Health Care,104,99,0.07407397,17.280001,18.559999,加粗信号,连续至少3个快照排名改善
2026-06-22,2026-06-26,Prism,Russell,INNV,INNOVAGE HOLDING CORP,Health Care,106,13,0.17155266,9.210000,10.790000,加粗信号,连续至少3个快照收益为正；连续至少3个快照排名改善
2026-06-22,2026-06-26,Prism,Russell,XNCR,XENCOR INC,Health Care,109,102,0.07423267,14.010000,15.050000,加粗信号,连续至少3个快照收益为正
2026-06-22,2026-06-26,Prism,Russell,ALKS,ALKERMES,Health Care,110,18,0.19687096,46.020000,55.080002,加粗信号,连续至少3个快照收益为正；连续至少3个快照排名改善
2026-06-22,2026-06-26,Prism,Russell,ENVA,ENOVA INTERNATIONAL INC,Financials,111,53,0.12847998,204.740005,231.044998,加粗信号,连续至少3个快照收益为正；连续至少3个快照排名改善
2026-06-22,2026-06-26,Prism,Russell,LGND,LIGAND PHARMACEUTICALS INC,Health Care,117,29,0.15798902,262.170013,303.589996,加粗信号,连续至少3个快照收益为正
2026-06-22,2026-06-26,Prism,Russell,HTFL,HEARTFLOW INC,Health Care,127,115,0.05348705,33.840000,35.650002,加粗信号,连续至少3个快照收益为正
2026-06-22,2026-06-26,Prism,Russell,CAKE,CHEESECAKE FACTORY INC,Consumer Discretionary,128,255,0.04511758,76.910004,80.379997,加粗信号,连续至少3个快照收益为正
2026-06-22,2026-06-26,Prism,Russell,AGIO,AGIOS PHARMACEUTICALS INC,Health Care,137,92,0.07977218,35.099998,37.900002,加粗信号,连续至少3个快照排名改善
2026-06-22,2026-06-26,Prism,Russell,PTCT,PTC THERAPEUTICS INC,Health Care,139,164,0.04286068,80.959999,84.430000,加粗信号,连续至少3个快照收益为正
2026-06-22,2026-06-26,Prism,Russell,PRCH,PORCH GROUP INC,Information Technology,143,87,0.13295267,12.260000,13.890000,加粗信号,连续至少3个快照排名改善
2026-06-22,2026-06-26,Prism,Russell,CTKB,CYTEK BIOSCIENCES INC,Health Care,144,373,0.16062179,3.860000,4.480000,加粗信号,连续至少3个快照收益为正；连续至少3个快照排名改善
2026-06-22,2026-06-26,Prism,Russell,BCAX,BICARA THERAPEUTICS INC,Health Care,147,93,0.09450109,24.549999,26.870001,加粗信号,连续至少3个快照收益为正
2026-06-22,2026-06-26,Prism,Russell,ATLC,ATLANTICUS HOLDINGS CORP,Financials,148,149,0.10942532,99.519997,110.410004,加粗信号,连续至少3个快照收益为正
2026-06-22,2026-06-26,Prism,Russell,IVT,INVENTRUST PROPERTIES CORP,Real Estate,152,828,0.04962272,34.459999,36.169998,加粗信号,连续至少3个快照收益为正
